---
--- Implementing UDFeature table
--- 26/07/2018
---

--
-- Type udf_udfeature; TypeInstance
--

start transaction;

insert into Entry (entry, name, description, nick, idLanguage) values
('udf_udfeature','UD Feature','UD Feature','UD Feature',1),
('udf_udfeature','UD Feature','UD Feature','UD Feature',2),
('udf_udfeature','UD Feature','UD Feature','UD Feature',3),
('udf_udfeature','UD Feature','UD Feature','UD Feature',4);

insert into `type` (entry) values ('udf_feature');

insert into entity (alias, type) values 
('udf_abbr','UF'),
('udf_number[abs]','UF'),
('udf_number[erg]','UF'),
('udf_number[dat]','UF'),
('udf_person[abs]','UF'),
('udf_person[erg]','UF'),
('udf_person[dat]','UF'),
('udf_polite[abs]','UF'),
('udf_polite[erg]','UF'),
('udf_polite[dat]','UF'),
('udf_adptype','UF'),
('udf_advtype','UF'),
('udf_animacy','UF'),
('udf_aspect','UF'),
('udf_case','UF'),
('udf_clusivity','UF'),
('udf_conjtype','UF'),
('udf_definite','UF'),
('udf_degree','UF'),
('udf_echo','UF'),
('udf_gender[erg]','UF'),
('udf_gender[dat]','UF'),
('udf_evident','UF'),
('udf_foreign','UF'),
('udf_gender','UF'),
('udf_hyph','UF'),
('udf_mood','UF'),
('udf_nametype','UF'),
('udf_nountype','UF'),
('udf_numform','UF'),
('udf_numtype','UF'),
('udf_numvalue','UF'),
('udf_number','UF'),
('udf_parttype','UF'),
('udf_person','UF'),
('udf_polarity','UF'),
('udf_polite','UF'),
('udf_poss','UF'),
('udf_possgender','UF'),
('udf_possnumber','UF'),
('udf_possperson','UF'),
('udf_possednumber','UF'),
('udf_prefix','UF'),
('udf_prepcase','UF'),
('udf_prontype','UF'),
('udf_punctside','UF'),
('udf_puncttype','UF'),
('udf_reflex','UF'),
('udf_style','UF'),
('udf_subcat','UF'),
('udf_tense','UF'),
('udf_typo','UF'),
('udf_verbform','UF'),
('udf_verbtype','UF'),
('udf_voice','UF');


insert into Entry (entry, name, description, nick, idLanguage) values
('udf_abbr','Abbr','Abbr','Abbr',1),
('udf_number[abs]','Number[abs]','Number[abs]','Number[abs]',1),
('udf_number[erg]','Number[erg]','Number[erg]','Number[erg]',1),
('udf_number[dat]','Number[dat]','Number[dat]','Number[dat]',1),
('udf_person[abs]','Person[abs]','Person[abs]','Person[abs]',1),
('udf_person[erg]','Person[erg]','Person[erg]','Person[erg]',1),
('udf_person[dat]','Person[dat]','Person[dat]','Person[dat]',1),
('udf_polite[abs]','Polite[abs]','Polite[abs]','Polite[abs]',1),
('udf_polite[erg]','Polite[erg]','Polite[erg]','Polite[erg]',1),
('udf_polite[dat]','Polite[dat]','Polite[dat]','Polite[dat]',1),
('udf_adptype','AdpType','AdpType','AdpType',1),
('udf_advtype','AdvType','AdvType','AdvType',1),
('udf_animacy','Animacy','Animacy','Animacy',1),
('udf_aspect','Aspect','Aspect','Aspect',1),
('udf_case','Case','Case','Case',1),
('udf_clusivity','Clusivity','Clusivity','Clusivity',1),
('udf_conjtype','ConjType','ConjType','ConjType',1),
('udf_definite','Definite','Definite','Definite',1),
('udf_degree','Degree','Degree','Degree',1),
('udf_echo','Echo','Echo','Echo',1),
('udf_gender[erg]','Gender[erg]','Gender[erg]','Gender[erg]',1),
('udf_gender[dat]','Gender[dat]','Gender[dat]','Gender[dat]',1),
('udf_evident','Evident','Evident','Evident',1),
('udf_foreign','Foreign','Foreign','Foreign',1),
('udf_gender','Gender','Gender','Gender',1),
('udf_hyph','Hyph','Hyph','Hyph',1),
('udf_mood','Mood','Mood','Mood',1),
('udf_nametype','NameType','NameType','NameType',1),
('udf_nountype','NounType','NounType','NounType',1),
('udf_numform','NumForm','NumForm','NumForm',1),
('udf_numtype','NumType','NumType','NumType',1),
('udf_numvalue','NumValue','NumValue','NumValue',1),
('udf_number','Number','Number','Number',1),
('udf_parttype','PartType','PartType','PartType',1),
('udf_person','Person','Person','Person',1),
('udf_polarity','Polarity','Polarity','Polarity',1),
('udf_polite','Polite','Polite','Polite',1),
('udf_poss','Poss','Poss','Poss',1),
('udf_possgender','PossGender','PossGender','PossGender',1),
('udf_possnumber','PossNumber','PossNumber','PossNumber',1),
('udf_possperson','PossPerson','PossPerson','PossPerson',1),
('udf_possednumber','PossedNumber','PossedNumber','PossedNumber',1),
('udf_prefix','Prefix','Prefix','Prefix',1),
('udf_prepcase','PrepCase','PrepCase','PrepCase',1),
('udf_prontype','PronType','PronType','PronType',1),
('udf_punctside','PunctSide','PunctSide','PunctSide',1),
('udf_puncttype','PunctType','PunctType','PunctType',1),
('udf_reflex','Reflex','Reflex','Reflex',1),
('udf_style','Style','Style','Style',1),
('udf_subcat','Subcat','Subcat','Subcat',1),
('udf_tense','Tense','Tense','Tense',1),
('udf_typo','Typo','Typo','Typo',1),
('udf_verbform','VerbForm','VerbForm','VerbForm',1),
('udf_verbtype','VerbType','VerbType','VerbType',1),
('udf_voice','Voice','Voice','Voice',1);


insert into typeinstance (entry, info, flag, idType, idColor, idEntity) values
('udf_abbr','Abbr',1,(select idType from type where entry='udf_feature'), 1, (select idEntity from Entity where alias='udf_abbr')),
('udf_number[abs]','Number[abs]',1,(select idType from type where entry='udf_feature'), 1, (select idEntity from Entity where alias='udf_number[abs]')),
('udf_number[erg]','Number[erg]',1,(select idType from type where entry='udf_feature'), 1, (select idEntity from Entity where alias='udf_number[erg]')),
('udf_number[dat]','Number[dat]',1,(select idType from type where entry='udf_feature'), 1, (select idEntity from Entity where alias='udf_number[dat]')),
('udf_person[abs]','Person[abs]',1,(select idType from type where entry='udf_feature'), 1, (select idEntity from Entity where alias='udf_person[abs]')),
('udf_person[erg]','Person[erg]',1,(select idType from type where entry='udf_feature'), 1, (select idEntity from Entity where alias='udf_person[erg]')),
('udf_person[dat]','Person[dat]',1,(select idType from type where entry='udf_feature'), 1, (select idEntity from Entity where alias='udf_person[dat]')),
('udf_polite[abs]','Polite[abs]',1,(select idType from type where entry='udf_feature'), 1, (select idEntity from Entity where alias='udf_polite[abs]')),
('udf_polite[erg]','Polite[erg]',1,(select idType from type where entry='udf_feature'), 1, (select idEntity from Entity where alias='udf_polite[erg]')),
('udf_polite[dat]','Polite[dat]',1,(select idType from type where entry='udf_feature'), 1, (select idEntity from Entity where alias='udf_polite[dat]')),
('udf_adptype','AdpType',1,(select idType from type where entry='udf_feature'), 1, (select idEntity from Entity where alias='udf_adptype')),
('udf_advtype','AdvType',1,(select idType from type where entry='udf_feature'), 1, (select idEntity from Entity where alias='udf_advtype')),
('udf_animacy','Animacy',1,(select idType from type where entry='udf_feature'), 1, (select idEntity from Entity where alias='udf_animacy')),
('udf_aspect','Aspect',1,(select idType from type where entry='udf_feature'), 1, (select idEntity from Entity where alias='udf_aspect')),
('udf_case','Case',1,(select idType from type where entry='udf_feature'), 1, (select idEntity from Entity where alias='udf_case')),
('udf_clusivity','Clusivity',1,(select idType from type where entry='udf_feature'), 1, (select idEntity from Entity where alias='udf_clusivity')),
('udf_conjtype','ConjType',1,(select idType from type where entry='udf_feature'), 1, (select idEntity from Entity where alias='udf_conjtype')),
('udf_definite','Definite',1,(select idType from type where entry='udf_feature'), 1, (select idEntity from Entity where alias='udf_definite')),
('udf_degree','Degree',1,(select idType from type where entry='udf_feature'), 1, (select idEntity from Entity where alias='udf_degree')),
('udf_echo','Echo',1,(select idType from type where entry='udf_feature'), 1, (select idEntity from Entity where alias='udf_echo')),
('udf_gender[erg]','Gender[erg]',1,(select idType from type where entry='udf_feature'), 1, (select idEntity from Entity where alias='udf_gender[erg]')),
('udf_gender[dat]','Gender[dat]',1,(select idType from type where entry='udf_feature'), 1, (select idEntity from Entity where alias='udf_gender[dat]')),
('udf_evident','Evident',1,(select idType from type where entry='udf_feature'), 1, (select idEntity from Entity where alias='udf_evident')),
('udf_foreign','Foreign',1,(select idType from type where entry='udf_feature'), 1, (select idEntity from Entity where alias='udf_foreign')),
('udf_gender','Gender',1,(select idType from type where entry='udf_feature'), 1, (select idEntity from Entity where alias='udf_gender')),
('udf_hyph','Hyph',1,(select idType from type where entry='udf_feature'), 1, (select idEntity from Entity where alias='udf_hyph')),
('udf_mood','Mood',1,(select idType from type where entry='udf_feature'), 1, (select idEntity from Entity where alias='udf_mood')),
('udf_nametype','NameType',1,(select idType from type where entry='udf_feature'), 1, (select idEntity from Entity where alias='udf_nametype')),
('udf_nountype','NounType',1,(select idType from type where entry='udf_feature'), 1, (select idEntity from Entity where alias='udf_nountype')),
('udf_numform','NumForm',1,(select idType from type where entry='udf_feature'), 1, (select idEntity from Entity where alias='udf_numform')),
('udf_numtype','NumType',1,(select idType from type where entry='udf_feature'), 1, (select idEntity from Entity where alias='udf_numtype')),
('udf_numvalue','NumValue',1,(select idType from type where entry='udf_feature'), 1, (select idEntity from Entity where alias='udf_numvalue')),
('udf_number','Number',1,(select idType from type where entry='udf_feature'), 1, (select idEntity from Entity where alias='udf_number')),
('udf_parttype','PartType',1,(select idType from type where entry='udf_feature'), 1, (select idEntity from Entity where alias='udf_parttype')),
('udf_person','Person',1,(select idType from type where entry='udf_feature'), 1, (select idEntity from Entity where alias='udf_person')),
('udf_polarity','Polarity',1,(select idType from type where entry='udf_feature'), 1, (select idEntity from Entity where alias='udf_polarity')),
('udf_polite','Polite',1,(select idType from type where entry='udf_feature'), 1, (select idEntity from Entity where alias='udf_polite')),
('udf_poss','Poss',1,(select idType from type where entry='udf_feature'), 1, (select idEntity from Entity where alias='udf_poss')),
('udf_possgender','PossGender',1,(select idType from type where entry='udf_feature'), 1, (select idEntity from Entity where alias='udf_possgender')),
('udf_possnumber','PossNumber',1,(select idType from type where entry='udf_feature'), 1, (select idEntity from Entity where alias='udf_possnumber')),
('udf_possperson','PossPerson',1,(select idType from type where entry='udf_feature'), 1, (select idEntity from Entity where alias='udf_possperson')),
('udf_possednumber','PossedNumber',1,(select idType from type where entry='udf_feature'), 1, (select idEntity from Entity where alias='udf_possednumber')),
('udf_prefix','Prefix',1,(select idType from type where entry='udf_feature'), 1, (select idEntity from Entity where alias='udf_prefix')),
('udf_prepcase','PrepCase',1,(select idType from type where entry='udf_feature'), 1, (select idEntity from Entity where alias='udf_prepcase')),
('udf_prontype','PronType',1,(select idType from type where entry='udf_feature'), 1, (select idEntity from Entity where alias='udf_prontype')),
('udf_punctside','PunctSide',1,(select idType from type where entry='udf_feature'), 1, (select idEntity from Entity where alias='udf_punctside')),
('udf_puncttype','PunctType',1,(select idType from type where entry='udf_feature'), 1, (select idEntity from Entity where alias='udf_puncttype')),
('udf_reflex','Reflex',1,(select idType from type where entry='udf_feature'), 1, (select idEntity from Entity where alias='udf_reflex')),
('udf_style','Style',1,(select idType from type where entry='udf_feature'), 1, (select idEntity from Entity where alias='udf_style')),
('udf_subcat','Subcat',1,(select idType from type where entry='udf_feature'), 1, (select idEntity from Entity where alias='udf_subcat')),
('udf_tense','Tense',1,(select idType from type where entry='udf_feature'), 1, (select idEntity from Entity where alias='udf_tense')),
('udf_typo','Typo',1,(select idType from type where entry='udf_feature'), 1, (select idEntity from Entity where alias='udf_typo')),
('udf_verbform','VerbForm',1,(select idType from type where entry='udf_feature'), 1, (select idEntity from Entity where alias='udf_verbform')),
('udf_verbtype','VerbType',1,(select idType from type where entry='udf_feature'), 1, (select idEntity from Entity where alias='udf_verbtype')),
('udf_voice','Voice',1,(select idType from type where entry='udf_feature'), 1, (select idEntity from Entity where alias='udf_voice'));

commit;

start transaction;

insert into entity (alias, type) values 
('udf_case_core','UF'),
('udf_case_noncore','UF'),
('udf_case_local','UF');

insert into typeinstance (entry, info, flag, idType, idColor, idEntity) values
('udf_case_core','Case Core',1,(select idType from type where entry='udf_feature'), 1, (select idEntity from Entity where alias='udf_case_core')),
('udf_case_noncore','Case Non-Core',1,(select idType from type where entry='udf_feature'), 1, (select idEntity from Entity where alias='udf_case_noncore')),
('udf_case_local','Case Local',1,(select idType from type where entry='udf_feature'), 1, (select idEntity from Entity where alias='udf_case_local'));


commit;

insert into Entry (entry, name, description, nick, idLanguage)
select entry, name, description, nick, 2
from entry where entry like 'udf_%';

insert into Entry (entry, name, description, nick, idLanguage)
select entry, name, description, nick, 3
from entry where entry like 'udf_%';

insert into Entry (entry, name, description, nick, idLanguage)
select entry, name, description, nick, 4
from entry where entry like 'udf_%';

insert into Entry (entry, name, description, nick, idLanguage)
select entry, entry, entry, entry, 0
from entry where entry like 'udf_%';


--
-- Tabela UDFeature, com os values de cada Feature
-- 

start transaction;

insert into entity (alias, type) values
('udf_abbr_yes','UV'),
('udf_number[abs]_sing','UV'),
('udf_number[abs]_plur','UV'),
('udf_number[erg]_sing','UV'),
('udf_number[erg]_plur','UV'),
('udf_number[dat]_sing','UV'),
('udf_number[dat]_plur','UV'),
('udf_person[abs]_1','UV'),
('udf_person[abs]_2','UV'),
('udf_person[abs]_3','UV'),
('udf_person[erg]_1','UV'),
('udf_person[erg]_2','UV'),
('udf_person[erg]_3','UV'),
('udf_person[dat]_1','UV'),
('udf_person[dat]_2','UV'),
('udf_person[dat]_3','UV'),
('udf_polite[abs]_inf','UV'),
('udf_polite[abs]_pol','UV'),
('udf_polite[erg]_inf','UV'),
('udf_polite[erg]_pol','UV'),
('udf_polite[dat]_inf','UV'),
('udf_polite[dat]_pol','UV'),
('udf_adptype_prep','UV'),
('udf_adptype_post','UV'),
('udf_adptype_circ','UV'),
('udf_adptype_voc','UV'),
('udf_advtype_man','UV'),
('udf_advtype_loc','UV'),
('udf_advtype_tim','UV'),
('udf_advtype_deg','UV'),
('udf_advtype_cau','UV'),
('udf_advtype_mod','UV'),
('udf_advtype_sta','UV'),
('udf_advtype_adadj','UV'),
('udf_animacy_anim','UV'),
('udf_animacy_hum','UV'),
('udf_animacy_inan','UV'),
('udf_animacy_nhum','UV'),
('udf_aspect_hab','UV'),
('udf_aspect_imp','UV'),
('udf_aspect_iter','UV'),
('udf_aspect_perf','UV'),
('udf_aspect_prog','UV'),
('udf_aspect_prosp','UV'),
('udf_case_core_abs','UV'),
('udf_case_core_acc','UV'),
('udf_case_core_erg','UV'),
('udf_case_core_nom','UV'),
('udf_case_noncore_abe','UV'),
('udf_case_noncore_ben','UV'),
('udf_case_noncore_cau','UV'),
('udf_case_noncore_cmp','UV'),
('udf_case_noncore_cns','UV'),
('udf_case_noncore_com','UV'),
('udf_case_noncore_dat','UV'),
('udf_case_noncore_dis','UV'),
('udf_case_noncore_equ','UV'),
('udf_case_noncore_gen','UV'),
('udf_case_noncore_ins','UV'),
('udf_case_noncore_par','UV'),
('udf_case_noncore_tem','UV'),
('udf_case_noncore_tra','UV'),
('udf_case_noncore_voc','UV'),
('udf_case_local_abl','UV'),
('udf_case_local_add','UV'),
('udf_case_local_ade','UV'),
('udf_case_local_all','UV'),
('udf_case_local_del','UV'),
('udf_case_local_ela','UV'),
('udf_case_local_ess','UV'),
('udf_case_local_ill','UV'),
('udf_case_local_ine','UV'),
('udf_case_local_lat','UV'),
('udf_case_local_loc','UV'),
('udf_case_local_per','UV'),
('udf_case_local_sub','UV'),
('udf_case_local_sup','UV'),
('udf_case_local_ter','UV'),
('udf_clusivity_ex','UV'),
('udf_clusivity_in','UV'),
('udf_conjtype_comp','UV'),
('udf_conjtype_oper','UV'),
('udf_definite_com','UV'),
('udf_definite_cons','UV'),
('udf_definite_def','UV'),
('udf_definite_ind','UV'),
('udf_definite_spec','UV'),
('udf_degree_abs','UV'),
('udf_degree_cmp','UV'),
('udf_degree_equ','UV'),
('udf_degree_pos','UV'),
('udf_degree_sup','UV'),
('udf_echo_rdp','UV'),
('udf_echo_ech','UV'),
('udf_gender[erg]_masc','UV'),
('udf_gender[erg]_fem','UV'),
('udf_gender[dat]_masc','UV'),
('udf_gender[dat]_fem','UV'),
('udf_evident_fh','UV'),
('udf_evident_nfh','UV'),
('udf_foreign_yes','UV'),
('udf_gender_com','UV'),
('udf_gender_fem','UV'),
('udf_gender_masc','UV'),
('udf_gender_neut','UV'),
('udf_hyph_yes','UV'),
('udf_mood_adm','UV'),
('udf_mood_cnd','UV'),
('udf_mood_des','UV'),
('udf_mood_imp','UV'),
('udf_mood_ind','UV'),
('udf_mood_jus','UV'),
('udf_mood_nec','UV'),
('udf_mood_opt','UV'),
('udf_mood_pot','UV'),
('udf_mood_prp','UV'),
('udf_mood_qot','UV'),
('udf_mood_sub','UV'),
('udf_nametype_geo','UV'),
('udf_nametype_prs','UV'),
('udf_nametype_giv','UV'),
('udf_nametype_sur','UV'),
('udf_nametype_nat','UV'),
('udf_nountype_class','UV'),
('udf_numform_word','UV'),
('udf_numform_digit','UV'),
('udf_numform_roman','UV'),
('udf_numtype_card','UV'),
('udf_numtype_dist','UV'),
('udf_numtype_frac','UV'),
('udf_numtype_mult','UV'),
('udf_numtype_ord','UV'),
('udf_numtype_range','UV'),
('udf_numtype_sets','UV'),
('udf_numvalue_1','UV'),
('udf_numvalue_2','UV'),
('udf_numvalue_3','UV'),
('udf_number_col1','UV'),
('udf_number_count','UV'),
('udf_number_dual','UV'),
('udf_number_grpa','UV'),
('udf_number_grpl','UV'),
('udf_number_inv','UV'),
('udf_number_pauc','UV'),
('udf_number_plur','UV'),
('udf_number_ptan','UV'),
('udf_number_sing','UV'),
('udf_number_tri','UV'),
('udf_parttype_mod','UV'),
('udf_parttype_emp','UV'),
('udf_parttype_res','UV'),
('udf_parttype_inf','UV'),
('udf_parttype_vbp','UV'),
('udf_person_0','UV'),
('udf_person_1','UV'),
('udf_person_2','UV'),
('udf_person_3','UV'),
('udf_person_4','UV'),
('udf_polarity_neg','UV'),
('udf_polarity_pos','UV'),
('udf_polite_elev','UV'),
('udf_polite_form','UV'),
('udf_polite_humb','UV'),
('udf_polite_infm','UV'),
('udf_poss_yes','UV'),
('udf_possgender_masc','UV'),
('udf_possgender_fem','UV'),
('udf_possnumber_sing','UV'),
('udf_possnumber_plur','UV'),
('udf_possperson_1','UV'),
('udf_possperson_2','UV'),
('udf_possperson_3','UV'),
('udf_possednumber_sing','UV'),
('udf_possednumber_plur','UV'),
('udf_prefix_yes','UV'),
('udf_prepcase_npr','UV'),
('udf_prepcase_pre','UV'),
('udf_prontype_art','UV'),
('udf_prontype_dem','UV'),
('udf_prontype_emp','UV'),
('udf_prontype_excl','UV'),
('udf_prontype_ind','UV'),
('udf_prontype_int','UV'),
('udf_prontype_neg','UV'),
('udf_prontype_prs','UV'),
('udf_prontype_rcp','UV'),
('udf_prontype_rel','UV'),
('udf_prontype_tot','UV'),
('udf_punctside_ini','UV'),
('udf_punctside_fin','UV'),
('udf_puncttype_peri','UV'),
('udf_puncttype_qest','UV'),
('udf_puncttype_excl','UV'),
('udf_puncttype_quao','UV'),
('udf_puncttype_brck','UV'),
('udf_puncttype_comm','UV'),
('udf_puncttype_colo','UV'),
('udf_puncttype_semi','UV'),
('udf_puncttype_dash','UV'),
('udf_puncttype_symb','UV'),
('udf_reflex_yes','UV'),
('udf_style_arch','UV'),
('udf_style_rare','UV'),
('udf_style_form','UV'),
('udf_style_poet','UV'),
('udf_style_norm','UV'),
('udf_style_coll','UV'),
('udf_style_vrnc','UV'),
('udf_style_slng','UV'),
('udf_style_expr','UV'),
('udf_style_Derg','UV'),
('udf_style_vulg','UV'),
('udf_subcat_intr','UV'),
('udf_subcat_tran','UV'),
('udf_tense_fut','UV'),
('udf_tense_imp','UV'),
('udf_tense_pas','UV'),
('udf_tense_pqp','UV'),
('udf_tense_pres','UV'),
('udf_typo_yes','UV'),
('udf_verbform_conv','UV'),
('udf_verbform_fin','UV'),
('udf_verbform_gdv','UV'),
('udf_verbform_ger','UV'),
('udf_verbform_inf','UV'),
('udf_verbform_part','UV'),
('udf_verbform_sup','UV'),
('udf_verbform_vnoun','UV'),
('udf_verbtype_aux','UV'),
('udf_verbtype_cop','UV'),
('udf_verbtype_mod','UV'),
('udf_verbtype_light','UV'),
('udf_voice_act','UV'),
('udf_voice_antip','UV'),
('udf_voice_cau','UV'),
('udf_voice_dir','UV'),
('udf_voice_inv','UV'),
('udf_voice_mid','UV'),
('udf_voice_pass','UV'),
('udf_voice_rcp','UV');

insert into UDFeature (info, idEntity, idTypeInstance) values
('Yes',(select idEntity from entity where alias = 'udf_abbr_yes'),(select idTypeInstance from TypeInstance where entry = 'udf_abbr')),
( 'Sing',(select idEntity from entity where alias = 'udf_number[abs]_sing'),(select idTypeInstance from TypeInstance where entry = 'udf_number[abs]')),
( 'Plur',(select idEntity from entity where alias = 'udf_number[abs]_plur'),(select idTypeInstance from TypeInstance where entry = 'udf_number[abs]')),
( 'Sing',(select idEntity from entity where alias = 'udf_number[erg]_sing'),(select idTypeInstance from TypeInstance where entry = 'udf_number[erg]')),
( 'Plur',(select idEntity from entity where alias = 'udf_number[erg]_plur'),(select idTypeInstance from TypeInstance where entry = 'udf_number[erg]')),
( 'Sing',(select idEntity from entity where alias = 'udf_number[dat]_sing'),(select idTypeInstance from TypeInstance where entry = 'udf_number[dat]')),
( 'Plur',(select idEntity from entity where alias = 'udf_number[dat]_plur'),(select idTypeInstance from TypeInstance where entry = 'udf_number[dat]')),
( '1',(select idEntity from entity where alias = 'udf_person[abs]_1'),(select idTypeInstance from TypeInstance where entry = 'udf_person[abs]')),
( '2',(select idEntity from entity where alias = 'udf_person[abs]_2'),(select idTypeInstance from TypeInstance where entry = 'udf_person[abs]')),
( '3',(select idEntity from entity where alias = 'udf_person[abs]_3'),(select idTypeInstance from TypeInstance where entry = 'udf_person[abs]')),
( '1',(select idEntity from entity where alias = 'udf_person[erg]_1'),(select idTypeInstance from TypeInstance where entry = 'udf_person[erg]')),
( '2',(select idEntity from entity where alias = 'udf_person[erg]_2'),(select idTypeInstance from TypeInstance where entry = 'udf_person[erg]')),
( '3',(select idEntity from entity where alias = 'udf_person[erg]_3'),(select idTypeInstance from TypeInstance where entry = 'udf_person[erg]')),
( '1',(select idEntity from entity where alias = 'udf_person[dat]_1'),(select idTypeInstance from TypeInstance where entry = 'udf_person[dat]')),
( '2',(select idEntity from entity where alias = 'udf_person[dat]_2'),(select idTypeInstance from TypeInstance where entry = 'udf_person[dat]')),
( '3',(select idEntity from entity where alias = 'udf_person[dat]_3'),(select idTypeInstance from TypeInstance where entry = 'udf_person[dat]')),
('Inf',(select idEntity from entity where alias = 'udf_polite[abs]_inf'),(select idTypeInstance from TypeInstance where entry = 'udf_polite[abs]')),
('Pol',(select idEntity from entity where alias = 'udf_polite[abs]_pol'),(select idTypeInstance from TypeInstance where entry = 'udf_polite[abs]')),
('Inf',(select idEntity from entity where alias = 'udf_polite[erg]_inf'),(select idTypeInstance from TypeInstance where entry = 'udf_polite[erg]')),
('Pol',(select idEntity from entity where alias = 'udf_polite[erg]_pol'),(select idTypeInstance from TypeInstance where entry = 'udf_polite[erg]')),
('Inf',(select idEntity from entity where alias = 'udf_polite[dat]_inf'),(select idTypeInstance from TypeInstance where entry = 'udf_polite[dat]')),
('Pol',(select idEntity from entity where alias = 'udf_polite[dat]_pol'),(select idTypeInstance from TypeInstance where entry = 'udf_polite[dat]')),
('Prep',(select idEntity from entity where alias = 'udf_adptype_prep'),(select idTypeInstance from TypeInstance where entry = 'udf_adptype')),
('Post',(select idEntity from entity where alias = 'udf_adptype_post'),(select idTypeInstance from TypeInstance where entry = 'udf_adptype')),
('Circ',(select idEntity from entity where alias = 'udf_adptype_circ'),(select idTypeInstance from TypeInstance where entry = 'udf_adptype')),
('Voc',(select idEntity from entity where alias = 'udf_adptype_voc'),(select idTypeInstance from TypeInstance where entry = 'udf_adptype')),
( 'Man',(select idEntity from entity where alias = 'udf_advtype_man'),(select idTypeInstance from TypeInstance where entry = 'udf_advtype')),
( 'Loc',(select idEntity from entity where alias = 'udf_advtype_loc'),(select idTypeInstance from TypeInstance where entry = 'udf_advtype')),
( 'Tim',(select idEntity from entity where alias = 'udf_advtype_tim'),(select idTypeInstance from TypeInstance where entry = 'udf_advtype')),
( 'Deg',(select idEntity from entity where alias = 'udf_advtype_deg'),(select idTypeInstance from TypeInstance where entry = 'udf_advtype')),
( 'Cau',(select idEntity from entity where alias = 'udf_advtype_cau'),(select idTypeInstance from TypeInstance where entry = 'udf_advtype')),
( 'Mod',(select idEntity from entity where alias = 'udf_advtype_mod'),(select idTypeInstance from TypeInstance where entry = 'udf_advtype')),
( 'Sta',(select idEntity from entity where alias = 'udf_advtype_sta'),(select idTypeInstance from TypeInstance where entry = 'udf_advtype')),
( 'Adadj',(select idEntity from entity where alias = 'udf_advtype_adadj'),(select idTypeInstance from TypeInstance where entry = 'udf_advtype')),
( 'Anim',(select idEntity from entity where alias = 'udf_animacy_anim'),(select idTypeInstance from TypeInstance where entry = 'udf_animacy')),
( 'Hum',(select idEntity from entity where alias = 'udf_animacy_hum'),(select idTypeInstance from TypeInstance where entry = 'udf_animacy')),
( 'Inan',(select idEntity from entity where alias = 'udf_animacy_inan'),(select idTypeInstance from TypeInstance where entry = 'udf_animacy')),
( 'Nhum',(select idEntity from entity where alias = 'udf_animacy_nhum'),(select idTypeInstance from TypeInstance where entry = 'udf_animacy')),
( 'Hab',(select idEntity from entity where alias = 'udf_aspect_hab'),(select idTypeInstance from TypeInstance where entry = 'udf_aspect')),
( 'Imp',(select idEntity from entity where alias = 'udf_aspect_imp'),(select idTypeInstance from TypeInstance where entry = 'udf_aspect')),
( 'Iter',(select idEntity from entity where alias = 'udf_aspect_iter'),(select idTypeInstance from TypeInstance where entry = 'udf_aspect')),
( 'Perf',(select idEntity from entity where alias = 'udf_aspect_perf'),(select idTypeInstance from TypeInstance where entry = 'udf_aspect')),
( 'Prog',(select idEntity from entity where alias = 'udf_aspect_prog'),(select idTypeInstance from TypeInstance where entry = 'udf_aspect')),
( 'Prosp',(select idEntity from entity where alias = 'udf_aspect_prosp'),(select idTypeInstance from TypeInstance where entry = 'udf_aspect')),
( 'Abs',(select idEntity from entity where alias = 'udf_case_core_abs'),(select idTypeInstance from TypeInstance where entry = 'udf_case_core')),
( 'Acc',(select idEntity from entity where alias = 'udf_case_core_acc'),(select idTypeInstance from TypeInstance where entry = 'udf_case_core')),
( 'Erg',(select idEntity from entity where alias = 'udf_case_core_erg'),(select idTypeInstance from TypeInstance where entry = 'udf_case_core')),
( 'Nom',(select idEntity from entity where alias = 'udf_case_core_nom'),(select idTypeInstance from TypeInstance where entry = 'udf_case_core')),
( 'Abe',(select idEntity from entity where alias = 'udf_case_noncore_abe'),(select idTypeInstance from TypeInstance where entry = 'udf_case_noncore')),
( 'Ben',(select idEntity from entity where alias = 'udf_case_noncore_ben'),(select idTypeInstance from TypeInstance where entry = 'udf_case_noncore')),
( 'Cau',(select idEntity from entity where alias = 'udf_case_noncore_cau'),(select idTypeInstance from TypeInstance where entry = 'udf_case_noncore')),
( 'Cmp',(select idEntity from entity where alias = 'udf_case_noncore_cmp'),(select idTypeInstance from TypeInstance where entry = 'udf_case_noncore')),
( 'Cns',(select idEntity from entity where alias = 'udf_case_noncore_cns'),(select idTypeInstance from TypeInstance where entry = 'udf_case_noncore')),
( 'Com',(select idEntity from entity where alias = 'udf_case_noncore_com'),(select idTypeInstance from TypeInstance where entry = 'udf_case_noncore')),
( 'Dat',(select idEntity from entity where alias = 'udf_case_noncore_dat'),(select idTypeInstance from TypeInstance where entry = 'udf_case_noncore')),
( 'Dis',(select idEntity from entity where alias = 'udf_case_noncore_dis'),(select idTypeInstance from TypeInstance where entry = 'udf_case_noncore')),
( 'Equ',(select idEntity from entity where alias = 'udf_case_noncore_equ'),(select idTypeInstance from TypeInstance where entry = 'udf_case_noncore')),
( 'Gen',(select idEntity from entity where alias = 'udf_case_noncore_gen'),(select idTypeInstance from TypeInstance where entry = 'udf_case_noncore')),
( 'Ins',(select idEntity from entity where alias = 'udf_case_noncore_ins'),(select idTypeInstance from TypeInstance where entry = 'udf_case_noncore')),
( 'Par',(select idEntity from entity where alias = 'udf_case_noncore_par'),(select idTypeInstance from TypeInstance where entry = 'udf_case_noncore')),
( 'Tem',(select idEntity from entity where alias = 'udf_case_noncore_tem'),(select idTypeInstance from TypeInstance where entry = 'udf_case_noncore')),
( 'Tra',(select idEntity from entity where alias = 'udf_case_noncore_tra'),(select idTypeInstance from TypeInstance where entry = 'udf_case_noncore')),
( 'Voc',(select idEntity from entity where alias = 'udf_case_noncore_voc'),(select idTypeInstance from TypeInstance where entry = 'udf_case_noncore')),
('Abl',(select idEntity from entity where alias = 'udf_case_local_abl'),(select idTypeInstance from TypeInstance where entry = 'udf_case_local')),
('Add',(select idEntity from entity where alias = 'udf_case_local_add'),(select idTypeInstance from TypeInstance where entry = 'udf_case_local')),
('Ade',(select idEntity from entity where alias = 'udf_case_local_ade'),(select idTypeInstance from TypeInstance where entry = 'udf_case_local')),
('All',(select idEntity from entity where alias = 'udf_case_local_all'),(select idTypeInstance from TypeInstance where entry = 'udf_case_local')),
('Del',(select idEntity from entity where alias = 'udf_case_local_del'),(select idTypeInstance from TypeInstance where entry = 'udf_case_local')),
('Ela',(select idEntity from entity where alias = 'udf_case_local_ela'),(select idTypeInstance from TypeInstance where entry = 'udf_case_local')),
('Ess',(select idEntity from entity where alias = 'udf_case_local_ess'),(select idTypeInstance from TypeInstance where entry = 'udf_case_local')),
('Ill',(select idEntity from entity where alias = 'udf_case_local_ill'),(select idTypeInstance from TypeInstance where entry = 'udf_case_local')),
('Ine',(select idEntity from entity where alias = 'udf_case_local_ine'),(select idTypeInstance from TypeInstance where entry = 'udf_case_local')),
('Lat',(select idEntity from entity where alias = 'udf_case_local_lat'),(select idTypeInstance from TypeInstance where entry = 'udf_case_local')),
('Loc',(select idEntity from entity where alias = 'udf_case_local_loc'),(select idTypeInstance from TypeInstance where entry = 'udf_case_local')),
('Per',(select idEntity from entity where alias = 'udf_case_local_per'),(select idTypeInstance from TypeInstance where entry = 'udf_case_local')),
('Sub',(select idEntity from entity where alias = 'udf_case_local_sub'),(select idTypeInstance from TypeInstance where entry = 'udf_case_local')),
('Sup',(select idEntity from entity where alias = 'udf_case_local_sup'),(select idTypeInstance from TypeInstance where entry = 'udf_case_local')),
('Ter',(select idEntity from entity where alias = 'udf_case_local_ter'),(select idTypeInstance from TypeInstance where entry = 'udf_case_local')),
('Ex',(select idEntity from entity where alias = 'udf_clusivity_ex'),(select idTypeInstance from TypeInstance where entry = 'udf_clusivity')),
('In',(select idEntity from entity where alias = 'udf_clusivity_in'),(select idTypeInstance from TypeInstance where entry = 'udf_clusivity')),
('Comp',(select idEntity from entity where alias = 'udf_conjtype_comp'),(select idTypeInstance from TypeInstance where entry = 'udf_conjtype')),
('Oper',(select idEntity from entity where alias = 'udf_conjtype_oper'),(select idTypeInstance from TypeInstance where entry = 'udf_conjtype')),
('Com',(select idEntity from entity where alias = 'udf_definite_com'),(select idTypeInstance from TypeInstance where entry = 'udf_definite')),
('Cons',(select idEntity from entity where alias = 'udf_definite_cons'),(select idTypeInstance from TypeInstance where entry = 'udf_definite')),
('Def',(select idEntity from entity where alias = 'udf_definite_def'),(select idTypeInstance from TypeInstance where entry = 'udf_definite')),
('Ind',(select idEntity from entity where alias = 'udf_definite_ind'),(select idTypeInstance from TypeInstance where entry = 'udf_definite')),
('Spec',(select idEntity from entity where alias = 'udf_definite_spec'),(select idTypeInstance from TypeInstance where entry = 'udf_definite')),
('Abs',(select idEntity from entity where alias = 'udf_degree_abs'),(select idTypeInstance from TypeInstance where entry = 'udf_degree')),
('Cmp',(select idEntity from entity where alias = 'udf_degree_cmp'),(select idTypeInstance from TypeInstance where entry = 'udf_degree')),
('Equ',(select idEntity from entity where alias = 'udf_degree_equ'),(select idTypeInstance from TypeInstance where entry = 'udf_degree')),
('Pos',(select idEntity from entity where alias = 'udf_degree_pos'),(select idTypeInstance from TypeInstance where entry = 'udf_degree')),
('Sup',(select idEntity from entity where alias = 'udf_degree_sup'),(select idTypeInstance from TypeInstance where entry = 'udf_degree')),
('Rdp',(select idEntity from entity where alias = 'udf_echo_rdp'),(select idTypeInstance from TypeInstance where entry = 'udf_echo')),
('Ech',(select idEntity from entity where alias = 'udf_echo_ech'),(select idTypeInstance from TypeInstance where entry = 'udf_echo')),
('Masc',(select idEntity from entity where alias = 'udf_gender[erg]_masc'),(select idTypeInstance from TypeInstance where entry = 'udf_gender[erg]')),
('Fem',(select idEntity from entity where alias = 'udf_gender[erg]_fem'),(select idTypeInstance from TypeInstance where entry = 'udf_gender[erg]')),
('Masc',(select idEntity from entity where alias = 'udf_gender[dat]_masc'),(select idTypeInstance from TypeInstance where entry = 'udf_gender[dat]')),
('Fem',(select idEntity from entity where alias = 'udf_gender[dat]_fem'),(select idTypeInstance from TypeInstance where entry = 'udf_gender[dat]')),
('Fh',(select idEntity from entity where alias = 'udf_evident_fh'),(select idTypeInstance from TypeInstance where entry = 'udf_evident')),
('Nfh',(select idEntity from entity where alias = 'udf_evident_nfh'),(select idTypeInstance from TypeInstance where entry = 'udf_evident')),
('Yes',(select idEntity from entity where alias = 'udf_foreign_yes'),(select idTypeInstance from TypeInstance where entry = 'udf_foreign')),
('Com',(select idEntity from entity where alias = 'udf_gender_com'),(select idTypeInstance from TypeInstance where entry = 'udf_gender')),
('Fem',(select idEntity from entity where alias = 'udf_gender_fem'),(select idTypeInstance from TypeInstance where entry = 'udf_gender')),
('Masc',(select idEntity from entity where alias = 'udf_gender_masc'),(select idTypeInstance from TypeInstance where entry = 'udf_gender')),
('Neut',(select idEntity from entity where alias = 'udf_gender_neut'),(select idTypeInstance from TypeInstance where entry = 'udf_gender')),
('Yes',(select idEntity from entity where alias = 'udf_hyph_yes'),(select idTypeInstance from TypeInstance where entry = 'udf_hyph')),
('Adm',(select idEntity from entity where alias = 'udf_mood_adm'),(select idTypeInstance from TypeInstance where entry = 'udf_mood')),
('Cnd',(select idEntity from entity where alias = 'udf_mood_cnd'),(select idTypeInstance from TypeInstance where entry = 'udf_mood')),
('Des',(select idEntity from entity where alias = 'udf_mood_des'),(select idTypeInstance from TypeInstance where entry = 'udf_mood')),
('Imp',(select idEntity from entity where alias = 'udf_mood_imp'),(select idTypeInstance from TypeInstance where entry = 'udf_mood')),
('Ind',(select idEntity from entity where alias = 'udf_mood_ind'),(select idTypeInstance from TypeInstance where entry = 'udf_mood')),
('Jus',(select idEntity from entity where alias = 'udf_mood_jus'),(select idTypeInstance from TypeInstance where entry = 'udf_mood')),
('Nec',(select idEntity from entity where alias = 'udf_mood_nec'),(select idTypeInstance from TypeInstance where entry = 'udf_mood')),
('Opt',(select idEntity from entity where alias = 'udf_mood_opt'),(select idTypeInstance from TypeInstance where entry = 'udf_mood')),
('Pot',(select idEntity from entity where alias = 'udf_mood_pot'),(select idTypeInstance from TypeInstance where entry = 'udf_mood')),
('Prp',(select idEntity from entity where alias = 'udf_mood_prp'),(select idTypeInstance from TypeInstance where entry = 'udf_mood')),
('Qot',(select idEntity from entity where alias = 'udf_mood_qot'),(select idTypeInstance from TypeInstance where entry = 'udf_mood')),
('Sub',(select idEntity from entity where alias = 'udf_mood_sub'),(select idTypeInstance from TypeInstance where entry = 'udf_mood')),
('Geo',(select idEntity from entity where alias = 'udf_nametype_geo'),(select idTypeInstance from TypeInstance where entry = 'udf_nametype')),
('Prs',(select idEntity from entity where alias = 'udf_nametype_prs'),(select idTypeInstance from TypeInstance where entry = 'udf_nametype')),
('Giv',(select idEntity from entity where alias = 'udf_nametype_giv'),(select idTypeInstance from TypeInstance where entry = 'udf_nametype')),
('Sur',(select idEntity from entity where alias = 'udf_nametype_sur'),(select idTypeInstance from TypeInstance where entry = 'udf_nametype')),
('Nat',(select idEntity from entity where alias = 'udf_nametype_nat'),(select idTypeInstance from TypeInstance where entry = 'udf_nametype')),
('Class',(select idEntity from entity where alias = 'udf_nountype_class'),(select idTypeInstance from TypeInstance where entry = 'udf_nountype')),
('Word',(select idEntity from entity where alias = 'udf_numform_word'),(select idTypeInstance from TypeInstance where entry = 'udf_numform')),
('Digit',(select idEntity from entity where alias = 'udf_numform_digit'),(select idTypeInstance from TypeInstance where entry = 'udf_numform')),
('Roman',(select idEntity from entity where alias = 'udf_numform_roman'),(select idTypeInstance from TypeInstance where entry = 'udf_numform')),
('Card',(select idEntity from entity where alias = 'udf_numtype_card'),(select idTypeInstance from TypeInstance where entry = 'udf_numtype')),
('Dist',(select idEntity from entity where alias = 'udf_numtype_dist'),(select idTypeInstance from TypeInstance where entry = 'udf_numtype')),
('Frac',(select idEntity from entity where alias = 'udf_numtype_frac'),(select idTypeInstance from TypeInstance where entry = 'udf_numtype')),
('Mult',(select idEntity from entity where alias = 'udf_numtype_mult'),(select idTypeInstance from TypeInstance where entry = 'udf_numtype')),
('Ord',(select idEntity from entity where alias = 'udf_numtype_ord'),(select idTypeInstance from TypeInstance where entry = 'udf_numtype')),
('Range',(select idEntity from entity where alias = 'udf_numtype_range'),(select idTypeInstance from TypeInstance where entry = 'udf_numtype')),
('Sets',(select idEntity from entity where alias = 'udf_numtype_sets'),(select idTypeInstance from TypeInstance where entry = 'udf_numtype')),
('1',(select idEntity from entity where alias = 'udf_numvalue_1'),(select idTypeInstance from TypeInstance where entry = 'udf_numvalue')),
('2',(select idEntity from entity where alias = 'udf_numvalue_2'),(select idTypeInstance from TypeInstance where entry = 'udf_numvalue')),
('3',(select idEntity from entity where alias = 'udf_numvalue_3'),(select idTypeInstance from TypeInstance where entry = 'udf_numvalue')),
('Coll',(select idEntity from entity where alias = 'udf_number_col1'),(select idTypeInstance from TypeInstance where entry = 'udf_number')),
('Count',(select idEntity from entity where alias = 'udf_number_count'),(select idTypeInstance from TypeInstance where entry = 'udf_number')),
('Dual',(select idEntity from entity where alias = 'udf_number_dual'),(select idTypeInstance from TypeInstance where entry = 'udf_number')),
('Grpa',(select idEntity from entity where alias = 'udf_number_grpa'),(select idTypeInstance from TypeInstance where entry = 'udf_number')),
('Grpl',(select idEntity from entity where alias = 'udf_number_grpl'),(select idTypeInstance from TypeInstance where entry = 'udf_number')),
('Inv',(select idEntity from entity where alias = 'udf_number_inv'),(select idTypeInstance from TypeInstance where entry = 'udf_number')),
('Pauc',(select idEntity from entity where alias = 'udf_number_pauc'),(select idTypeInstance from TypeInstance where entry = 'udf_number')),
('Plur',(select idEntity from entity where alias = 'udf_number_plur'),(select idTypeInstance from TypeInstance where entry = 'udf_number')),
('Ptan',(select idEntity from entity where alias = 'udf_number_ptan'),(select idTypeInstance from TypeInstance where entry = 'udf_number')),
('Sing',(select idEntity from entity where alias = 'udf_number_sing'),(select idTypeInstance from TypeInstance where entry = 'udf_number')),
('Tri',(select idEntity from entity where alias = 'udf_number_tri'),(select idTypeInstance from TypeInstance where entry = 'udf_number')),
('Mod',(select idEntity from entity where alias = 'udf_parttype_mod'),(select idTypeInstance from TypeInstance where entry = 'udf_parttype')),
('Emp',(select idEntity from entity where alias = 'udf_parttype_emp'),(select idTypeInstance from TypeInstance where entry = 'udf_parttype')),
('Res',(select idEntity from entity where alias = 'udf_parttype_res'),(select idTypeInstance from TypeInstance where entry = 'udf_parttype')),
('Inf',(select idEntity from entity where alias = 'udf_parttype_inf'),(select idTypeInstance from TypeInstance where entry = 'udf_parttype')),
('Vbp',(select idEntity from entity where alias = 'udf_parttype_vbp'),(select idTypeInstance from TypeInstance where entry = 'udf_parttype')),
('0',(select idEntity from entity where alias = 'udf_person_0'),(select idTypeInstance from TypeInstance where entry = 'udf_person')),
('1',(select idEntity from entity where alias = 'udf_person_1'),(select idTypeInstance from TypeInstance where entry = 'udf_person')),
('2',(select idEntity from entity where alias = 'udf_person_2'),(select idTypeInstance from TypeInstance where entry = 'udf_person')),
('3',(select idEntity from entity where alias = 'udf_person_3'),(select idTypeInstance from TypeInstance where entry = 'udf_person')),
('4',(select idEntity from entity where alias = 'udf_person_4'),(select idTypeInstance from TypeInstance where entry = 'udf_person')),
('Neg',(select idEntity from entity where alias = 'udf_polarity_neg'),(select idTypeInstance from TypeInstance where entry = 'udf_polarity')),
('pos',(select idEntity from entity where alias = 'udf_polarity_pos'),(select idTypeInstance from TypeInstance where entry = 'udf_polarity')),
('Elev',(select idEntity from entity where alias = 'udf_polite_elev'),(select idTypeInstance from TypeInstance where entry = 'udf_polite')),
('Form',(select idEntity from entity where alias = 'udf_polite_form'),(select idTypeInstance from TypeInstance where entry = 'udf_polite')),
('Humb',(select idEntity from entity where alias = 'udf_polite_humb'),(select idTypeInstance from TypeInstance where entry = 'udf_polite')),
('Infm',(select idEntity from entity where alias = 'udf_polite_infm'),(select idTypeInstance from TypeInstance where entry = 'udf_polite')),
('Yes',(select idEntity from entity where alias = 'udf_poss_yes'),(select idTypeInstance from TypeInstance where entry = 'udf_poss')),
('Masc',(select idEntity from entity where alias = 'udf_possgender_masc'),(select idTypeInstance from TypeInstance where entry = 'udf_possgender')),
('Fem',(select idEntity from entity where alias = 'udf_possgender_fem'),(select idTypeInstance from TypeInstance where entry = 'udf_possgender')),
('Sing',(select idEntity from entity where alias = 'udf_possnumber_sing'),(select idTypeInstance from TypeInstance where entry = 'udf_possnumber')),
('Plur',(select idEntity from entity where alias = 'udf_possnumber_plur'),(select idTypeInstance from TypeInstance where entry = 'udf_possnumber')),
('1',(select idEntity from entity where alias = 'udf_possperson_1'),(select idTypeInstance from TypeInstance where entry = 'udf_possperson')),
('2',(select idEntity from entity where alias = 'udf_possperson_2'),(select idTypeInstance from TypeInstance where entry = 'udf_possperson')),
('3',(select idEntity from entity where alias = 'udf_possperson_3'),(select idTypeInstance from TypeInstance where entry = 'udf_possperson')),
('Sing',(select idEntity from entity where alias = 'udf_possednumber_sing'),(select idTypeInstance from TypeInstance where entry = 'udf_possednumber')),
('Plur',(select idEntity from entity where alias = 'udf_possednumber_plur'),(select idTypeInstance from TypeInstance where entry = 'udf_possednumber')),
('Yes',(select idEntity from entity where alias = 'udf_prefix_yes'),(select idTypeInstance from TypeInstance where entry = 'udf_prefix')),
('Npr',(select idEntity from entity where alias = 'udf_prepcase_npr'),(select idTypeInstance from TypeInstance where entry = 'udf_prepcase')),
('Pre',(select idEntity from entity where alias = 'udf_prepcase_pre'),(select idTypeInstance from TypeInstance where entry = 'udf_prepcase')),
('Art',(select idEntity from entity where alias = 'udf_prontype_art'),(select idTypeInstance from TypeInstance where entry = 'udf_prontype')),
('Dem',(select idEntity from entity where alias = 'udf_prontype_dem'),(select idTypeInstance from TypeInstance where entry = 'udf_prontype')),
('Emp',(select idEntity from entity where alias = 'udf_prontype_emp'),(select idTypeInstance from TypeInstance where entry = 'udf_prontype')),
('Exc',(select idEntity from entity where alias = 'udf_prontype_excl'),(select idTypeInstance from TypeInstance where entry = 'udf_prontype')),
('Ind',(select idEntity from entity where alias = 'udf_prontype_ind'),(select idTypeInstance from TypeInstance where entry = 'udf_prontype')),
('Int',(select idEntity from entity where alias = 'udf_prontype_int'),(select idTypeInstance from TypeInstance where entry = 'udf_prontype')),
('Neg',(select idEntity from entity where alias = 'udf_prontype_neg'),(select idTypeInstance from TypeInstance where entry = 'udf_prontype')),
('Prs',(select idEntity from entity where alias = 'udf_prontype_prs'),(select idTypeInstance from TypeInstance where entry = 'udf_prontype')),
('Rcp',(select idEntity from entity where alias = 'udf_prontype_rcp'),(select idTypeInstance from TypeInstance where entry = 'udf_prontype')),
('Rel',(select idEntity from entity where alias = 'udf_prontype_rel'),(select idTypeInstance from TypeInstance where entry = 'udf_prontype')),
('Tot',(select idEntity from entity where alias = 'udf_prontype_tot'),(select idTypeInstance from TypeInstance where entry = 'udf_prontype')),
('Ini',(select idEntity from entity where alias = 'udf_punctside_ini'),(select idTypeInstance from TypeInstance where entry = 'udf_punctside')),
('Fin',(select idEntity from entity where alias = 'udf_punctside_fin'),(select idTypeInstance from TypeInstance where entry = 'udf_punctside')),
('Peri',(select idEntity from entity where alias = 'udf_puncttype_peri'),(select idTypeInstance from TypeInstance where entry = 'udf_puncttype')),
('Qest',(select idEntity from entity where alias = 'udf_puncttype_qest'),(select idTypeInstance from TypeInstance where entry = 'udf_puncttype')),
('Excl',(select idEntity from entity where alias = 'udf_puncttype_excl'),(select idTypeInstance from TypeInstance where entry = 'udf_puncttype')),
('Quot',(select idEntity from entity where alias = 'udf_puncttype_quao'),(select idTypeInstance from TypeInstance where entry = 'udf_puncttype')),
('Brck',(select idEntity from entity where alias = 'udf_puncttype_brck'),(select idTypeInstance from TypeInstance where entry = 'udf_puncttype')),
('Comm',(select idEntity from entity where alias = 'udf_puncttype_comm'),(select idTypeInstance from TypeInstance where entry = 'udf_puncttype')),
('Colo',(select idEntity from entity where alias = 'udf_puncttype_colo'),(select idTypeInstance from TypeInstance where entry = 'udf_puncttype')),
('Semi',(select idEntity from entity where alias = 'udf_puncttype_semi'),(select idTypeInstance from TypeInstance where entry = 'udf_puncttype')),
('Dash',(select idEntity from entity where alias = 'udf_puncttype_dash'),(select idTypeInstance from TypeInstance where entry = 'udf_puncttype')),
('Symb',(select idEntity from entity where alias = 'udf_puncttype_symb'),(select idTypeInstance from TypeInstance where entry = 'udf_puncttype')),
('Yes',(select idEntity from entity where alias = 'udf_reflex_yes'),(select idTypeInstance from TypeInstance where entry = 'udf_reflex')),
('Arch',(select idEntity from entity where alias = 'udf_style_arch'),(select idTypeInstance from TypeInstance where entry = 'udf_style')),
('Rare',(select idEntity from entity where alias = 'udf_style_rare'),(select idTypeInstance from TypeInstance where entry = 'udf_style')),
('Form',(select idEntity from entity where alias = 'udf_style_form'),(select idTypeInstance from TypeInstance where entry = 'udf_style')),
('Poet',(select idEntity from entity where alias = 'udf_style_poet'),(select idTypeInstance from TypeInstance where entry = 'udf_style')),
('Norm',(select idEntity from entity where alias = 'udf_style_norm'),(select idTypeInstance from TypeInstance where entry = 'udf_style')),
('Coll',(select idEntity from entity where alias = 'udf_style_coll'),(select idTypeInstance from TypeInstance where entry = 'udf_style')),
('Vrnc',(select idEntity from entity where alias = 'udf_style_vrnc'),(select idTypeInstance from TypeInstance where entry = 'udf_style')),
('Slng',(select idEntity from entity where alias = 'udf_style_slng'),(select idTypeInstance from TypeInstance where entry = 'udf_style')),
('Expr',(select idEntity from entity where alias = 'udf_style_expr'),(select idTypeInstance from TypeInstance where entry = 'udf_style')),
('Derg',(select idEntity from entity where alias = 'udf_style_Derg'),(select idTypeInstance from TypeInstance where entry = 'udf_style')),
('Vulg',(select idEntity from entity where alias = 'udf_style_vulg'),(select idTypeInstance from TypeInstance where entry = 'udf_style')),
('Intr',(select idEntity from entity where alias = 'udf_subcat_intr'),(select idTypeInstance from TypeInstance where entry = 'udf_subcat')),
('Tran',(select idEntity from entity where alias = 'udf_subcat_tran'),(select idTypeInstance from TypeInstance where entry = 'udf_subcat')),
('Fut',(select idEntity from entity where alias = 'udf_tense_fut'),(select idTypeInstance from TypeInstance where entry = 'udf_tense')),
('Imp',(select idEntity from entity where alias = 'udf_tense_imp'),(select idTypeInstance from TypeInstance where entry = 'udf_tense')),
('Past',(select idEntity from entity where alias = 'udf_tense_pas'),(select idTypeInstance from TypeInstance where entry = 'udf_tense')),
('Pqp',(select idEntity from entity where alias = 'udf_tense_pqp'),(select idTypeInstance from TypeInstance where entry = 'udf_tense')),
('Pres',(select idEntity from entity where alias = 'udf_tense_pres'),(select idTypeInstance from TypeInstance where entry = 'udf_tense')),
('Yes',(select idEntity from entity where alias = 'udf_typo_yes'),(select idTypeInstance from TypeInstance where entry = 'udf_typo')),
('Conv',(select idEntity from entity where alias = 'udf_verbform_conv'),(select idTypeInstance from TypeInstance where entry = 'udf_verbform')),
('Fin',(select idEntity from entity where alias = 'udf_verbform_fin'),(select idTypeInstance from TypeInstance where entry = 'udf_verbform')),
('Gdv',(select idEntity from entity where alias = 'udf_verbform_gdv'),(select idTypeInstance from TypeInstance where entry = 'udf_verbform')),
('Ger',(select idEntity from entity where alias = 'udf_verbform_ger'),(select idTypeInstance from TypeInstance where entry = 'udf_verbform')),
('Inf',(select idEntity from entity where alias = 'udf_verbform_inf'),(select idTypeInstance from TypeInstance where entry = 'udf_verbform')),
('Part',(select idEntity from entity where alias = 'udf_verbform_part'),(select idTypeInstance from TypeInstance where entry = 'udf_verbform')),
('Sup',(select idEntity from entity where alias = 'udf_verbform_sup'),(select idTypeInstance from TypeInstance where entry = 'udf_verbform')),
('Vnoun',(select idEntity from entity where alias = 'udf_verbform_vnoun'),(select idTypeInstance from TypeInstance where entry = 'udf_verbform')),
('Aux',(select idEntity from entity where alias = 'udf_verbtype_aux'),(select idTypeInstance from TypeInstance where entry = 'udf_verbtype')),
('Cop',(select idEntity from entity where alias = 'udf_verbtype_cop'),(select idTypeInstance from TypeInstance where entry = 'udf_verbtype')),
('Mod',(select idEntity from entity where alias = 'udf_verbtype_mod'),(select idTypeInstance from TypeInstance where entry = 'udf_verbtype')),
('Light',(select idEntity from entity where alias = 'udf_verbtype_light'),(select idTypeInstance from TypeInstance where entry = 'udf_verbtype')),
('Act',(select idEntity from entity where alias = 'udf_voice_act'),(select idTypeInstance from TypeInstance where entry = 'udf_voice')),
('Antip',(select idEntity from entity where alias = 'udf_voice_antip'),(select idTypeInstance from TypeInstance where entry = 'udf_voice')),
('Cau',(select idEntity from entity where alias = 'udf_voice_cau'),(select idTypeInstance from TypeInstance where entry = 'udf_voice')),
('Dir',(select idEntity from entity where alias = 'udf_voice_dir'),(select idTypeInstance from TypeInstance where entry = 'udf_voice')),
('Inv',(select idEntity from entity where alias = 'udf_voice_inv'),(select idTypeInstance from TypeInstance where entry = 'udf_voice')),
('Mid',(select idEntity from entity where alias = 'udf_voice_mid'),(select idTypeInstance from TypeInstance where entry = 'udf_voice')),
('Pass',(select idEntity from entity where alias = 'udf_voice_pass'),(select idTypeInstance from TypeInstance where entry = 'udf_voice')),
('Rcp',(select idEntity from entity where alias = 'udf_voice_rcp'),(select idTypeInstance from TypeInstance where entry = 'udf_voice'));

commit;
