start transaction;
--
-- Entity
--
insert into entity (alias, type) values ('cpt_semantic_content','CP');
insert into entity (alias, type) values ('cpt_ontology','CP');
insert into entity (alias, type) values ('cpt_entity_sem','CP');
insert into entity (alias, type) values ('cpt_object_sem','CP');
insert into entity (alias, type) values ('cpt_event_sem','CP');
insert into entity (alias, type) values ('cpt_property_sem','CP');
insert into entity (alias, type) values ('cpt_action_sem','CP');
insert into entity (alias, type) values ('cpt_state_sem','CP');
insert into entity (alias, type) values ('cpt_semantic_role','CP');
insert into entity (alias, type) values ('cpt_core_semantic_role','CP');
insert into entity (alias, type) values ('cpt_agent_sem','CP');
insert into entity (alias, type) values ('cpt_patient_sem','CP');
insert into entity (alias, type) values ('cpt_theme_sem','CP');
insert into entity (alias, type) values ('cpt_goal_sem','CP');
insert into entity (alias, type) values ('cpt_recipient_sem','CP');
insert into entity (alias, type) values ('cpt_force_sem','CP');
insert into entity (alias, type) values ('cpt_experience_sem','CP');
insert into entity (alias, type) values ('cpt_stimulus_sem','CP');
insert into entity (alias, type) values ('cpt_peripheral_semantic_role','CP');
insert into entity (alias, type) values ('cpt_instrument_sem','CP');
insert into entity (alias, type) values ('cpt_comitative_sem','CP');
insert into entity (alias, type) values ('cpt_cause_sem','CP');
insert into entity (alias, type) values ('cpt_beneficiary_sem','CP');
insert into entity (alias, type) values ('cpt_maleficiary_sem','CP');
insert into entity (alias, type) values ('cpt_typological_role','CP');
insert into entity (alias, type) values ('cpt_a_role','CP');
insert into entity (alias, type) values ('cpt_s_role','CP');
insert into entity (alias, type) values ('cpt_p_role','CP');
insert into entity (alias, type) values ('cpt_r_role','CP');
insert into entity (alias, type) values ('cpt_t_role','CP');
insert into entity (alias, type) values ('cpt_relation_sem','CP');
insert into entity (alias, type) values ('cpt_causal_rel','CP');
insert into entity (alias, type) values ('cpt_temporal_rel','CP');
insert into entity (alias, type) values ('cpt_anterior_rel','CP');
insert into entity (alias, type) values ('cpt_posterior_rel','CP');
insert into entity (alias, type) values ('cpt_overlap_rel','CP');
insert into entity (alias, type) values ('cpt_purpose_rel','CP');
insert into entity (alias, type) values ('cpt_apprehensional_rel','CP');
insert into entity (alias, type) values ('cpt_negation_rel','CP');
insert into entity (alias, type) values ('cpt_addition_rel','CP');
insert into entity (alias, type) values ('cpt_substitution_rel','CP');
insert into entity (alias, type) values ('cpt_remotion_rel','CP');
insert into entity (alias, type) values ('cpt_condition_rel','CP');
insert into entity (alias, type) values ('cpt_concession_rel','CP');
insert into entity (alias, type) values ('cpt_opposition_rel','CP');
insert into entity (alias, type) values ('cpt_explication_rel','CP');
insert into entity (alias, type) values ('cpt_conclusion_rel','CP');
insert into entity (alias, type) values ('cpt_alternation_rel','CP');
insert into entity (alias, type) values ('cpt_comparison_rel','CP');
insert into entity (alias, type) values ('cpt_information_structure','CP');
insert into entity (alias, type) values ('cpt_reference_inf','CP');
insert into entity (alias, type) values ('cpt_accessible_reference_inf','CP');
insert into entity (alias, type) values ('cpt_specific_reference_inf','CP');
insert into entity (alias, type) values ('cpt_nonspecific_reference_inf','CP');
insert into entity (alias, type) values ('cpt_generic_reference_inf','CP');
insert into entity (alias, type) values ('cpt_modification_inf','CP');
insert into entity (alias, type) values ('cpt_subcategorization_inf','CP');
insert into entity (alias, type) values ('cpt_selection_inf','CP');
insert into entity (alias, type) values ('cpt_situate_inf','CP');
insert into entity (alias, type) values ('cpt_predication_inf','CP');
insert into entity (alias, type) values ('cpt_construction_cc','CP');
insert into entity (alias, type) values ('cpt_element_cxn','CP');
insert into entity (alias, type) values ('cpt_head_cxn','CP');
insert into entity (alias, type) values ('cpt_dependent_cxn','CP');
insert into entity (alias, type) values ('cpt_prototypical_propositon_act_cxn','CP');
insert into entity (alias, type) values ('cpt_noun_cxn','CP');
insert into entity (alias, type) values ('cpt_adjective_cxn','CP');
insert into entity (alias, type) values ('cpt_verb_cxn','CP');
insert into entity (alias, type) values ('cpt_phrase_cxn','CP');
insert into entity (alias, type) values ('cpt_referring_phrase_cxn','CP');
insert into entity (alias, type) values ('cpt_common_noun_cxn','CP');
insert into entity (alias, type) values ('cpt_proper_noun_cxn','CP');
insert into entity (alias, type) values ('cpt_pronoun_cxn','CP');
insert into entity (alias, type) values ('cpt_attributive_phrase_cxn','CP');
insert into entity (alias, type) values ('cpt_argument_phrase_cxn','CP');
insert into entity (alias, type) values ('cpt_subject_cxn','CP');
insert into entity (alias, type) values ('cpt_object_cxn','CP');
insert into entity (alias, type) values ('cpt_oblique_cxn','CP');
insert into entity (alias, type) values ('cpt_admodification_phrase_cxn','CP');
insert into entity (alias, type) values ('cpt_expression_cxn','CP');
insert into entity (alias, type) values ('cpt_predicate_cxn','CP');
insert into entity (alias, type) values ('cpt_admodifier_cxn','CP');
insert into entity (alias, type) values ('cpt_modifier_cxn','CP');
insert into entity (alias, type) values ('cpt_numeral_cxn','CP');
insert into entity (alias, type) values ('cpt_quantifier_cxn','CP');
insert into entity (alias, type) values ('cpt_set_member_cxn','CP');
insert into entity (alias, type) values ('cpt_mensural_cxn','CP');
insert into entity (alias, type) values ('cpt_referent_expression_cxn','CP');
insert into entity (alias, type) values ('cpt_determiner_cxn','CP');
insert into entity (alias, type) values ('cpt_demonstrative_pronoun_cxn','CP');
insert into entity (alias, type) values ('cpt_article_cxn','CP');
insert into entity (alias, type) values ('cpt_complex_cxn','CP');
insert into entity (alias, type) values ('cpt_clause_cxn','CP');
insert into entity (alias, type) values ('cpt_complex_predicat_cxn','CP');
insert into entity (alias, type) values ('cpt_argument_structure_cxn','CP');
insert into entity (alias, type) values ('cpt_intransitive_cxn','CP');
insert into entity (alias, type) values ('cpt_transitive_cxn','CP');
insert into entity (alias, type) values ('cpt_ditransitive_cxn','CP');
insert into entity (alias, type) values ('cpt_modification_cxn','CP');
insert into entity (alias, type) values ('cpt_nonprototypical_propositional_act_cxn','CP');
insert into entity (alias, type) values ('cpt_deadjectival_nominal_cxn','CP');
insert into entity (alias, type) values ('cpt_nominal_modifier_cxn','CP');
insert into entity (alias, type) values ('cpt_predicate_nominal_cxn','CP');
insert into entity (alias, type) values ('cpt_predicate_adjectival_cxn','CP');
insert into entity (alias, type) values ('cpt_complement_clause_cxn','CP');
insert into entity (alias, type) values ('cpt_relative_clause_cxn','CP');
insert into entity (alias, type) values ('cpt_strategy_cc','CP');
insert into entity (alias, type) values ('cpt_encoding_str','CP');
insert into entity (alias, type) values ('cpt_simple_str','CP');
insert into entity (alias, type) values ('cpt_juxtaposition_str','CP');
insert into entity (alias, type) values ('cpt_compounding_str','CP');
insert into entity (alias, type) values ('cpt_affixation_str','CP');
insert into entity (alias, type) values ('cpt_case_marking_str','CP');
insert into entity (alias, type) values ('cpt_adposition_str','CP');
insert into entity (alias, type) values ('cpt_preposition_str','CP');
insert into entity (alias, type) values ('cpt_postposition_str','CP');
insert into entity (alias, type) values ('cpt_case_affix_str','CP');
insert into entity (alias, type) values ('cpt_indexical_str','CP');
insert into entity (alias, type) values ('cpt_person_indexation_str','CP');
insert into entity (alias, type) values ('cpt_non-person_indexation_str','CP');
insert into entity (alias, type) values ('cpt_linker_str','CP');
insert into entity (alias, type) values ('cpt_co-expression_str','CP');
insert into entity (alias, type) values ('cpt_alignment_str','CP');
insert into entity (alias, type) values ('cpt_neutral_alignment_str','CP');
insert into entity (alias, type) values ('cpt_accusative_alignment_str','CP');
insert into entity (alias, type) values ('cpt_ergative_alignment_str','CP');
insert into entity (alias, type) values ('cpt_tripartite_alignment_str','CP');
insert into entity (alias, type) values ('cpt_active_alignment_str','CP');
insert into entity (alias, type) values ('cpt_asp_role_category_str','CP');
insert into entity (alias, type) values ('cpt_nominative_str','CP');
insert into entity (alias, type) values ('cpt_accusative_str','CP');
insert into entity (alias, type) values ('cpt_ergative_str','CP');
insert into entity (alias, type) values ('cpt_absolutive_str','CP');
insert into entity (alias, type) values ('cpt_active_str','CP');
insert into entity (alias, type) values ('cpt_inactive_str','CP');
insert into entity (alias, type) values ('cpt_recruitment_str','CP');

--
-- Concept
--
insert into concept (entry, idEntity) values ('cpt_semantic_content', (select idEntity from entity where alias = 'cpt_semantic_content'));
insert into concept (entry, idEntity) values ('cpt_ontology', (select idEntity from entity where alias = 'cpt_ontology'));
insert into concept (entry, idEntity) values ('cpt_entity_sem', (select idEntity from entity where alias = 'cpt_entity_sem'));
insert into concept (entry, idEntity) values ('cpt_object_sem', (select idEntity from entity where alias = 'cpt_object_sem'));
insert into concept (entry, idEntity) values ('cpt_event_sem', (select idEntity from entity where alias = 'cpt_event_sem'));
insert into concept (entry, idEntity) values ('cpt_property_sem', (select idEntity from entity where alias = 'cpt_property_sem'));
insert into concept (entry, idEntity) values ('cpt_action_sem', (select idEntity from entity where alias = 'cpt_action_sem'));
insert into concept (entry, idEntity) values ('cpt_state_sem', (select idEntity from entity where alias = 'cpt_state_sem'));
insert into concept (entry, idEntity) values ('cpt_semantic_role', (select idEntity from entity where alias = 'cpt_semantic_role'));
insert into concept (entry, idEntity) values ('cpt_core_semantic_role', (select idEntity from entity where alias = 'cpt_core_semantic_role'));
insert into concept (entry, idEntity) values ('cpt_agent_sem', (select idEntity from entity where alias = 'cpt_agent_sem'));
insert into concept (entry, idEntity) values ('cpt_patient_sem', (select idEntity from entity where alias = 'cpt_patient_sem'));
insert into concept (entry, idEntity) values ('cpt_theme_sem', (select idEntity from entity where alias = 'cpt_theme_sem'));
insert into concept (entry, idEntity) values ('cpt_goal_sem', (select idEntity from entity where alias = 'cpt_goal_sem'));
insert into concept (entry, idEntity) values ('cpt_recipient_sem', (select idEntity from entity where alias = 'cpt_recipient_sem'));
insert into concept (entry, idEntity) values ('cpt_force_sem', (select idEntity from entity where alias = 'cpt_force_sem'));
insert into concept (entry, idEntity) values ('cpt_experience_sem', (select idEntity from entity where alias = 'cpt_experience_sem'));
insert into concept (entry, idEntity) values ('cpt_stimulus_sem', (select idEntity from entity where alias = 'cpt_stimulus_sem'));
insert into concept (entry, idEntity) values ('cpt_peripheral_semantic_role', (select idEntity from entity where alias = 'cpt_peripheral_semantic_role'));
insert into concept (entry, idEntity) values ('cpt_instrument_sem', (select idEntity from entity where alias = 'cpt_instrument_sem'));
insert into concept (entry, idEntity) values ('cpt_comitative_sem', (select idEntity from entity where alias = 'cpt_comitative_sem'));
insert into concept (entry, idEntity) values ('cpt_cause_sem', (select idEntity from entity where alias = 'cpt_cause_sem'));
insert into concept (entry, idEntity) values ('cpt_recipient_sem', (select idEntity from entity where alias = 'cpt_recipient_sem'));
insert into concept (entry, idEntity) values ('cpt_beneficiary_sem', (select idEntity from entity where alias = 'cpt_beneficiary_sem'));
insert into concept (entry, idEntity) values ('cpt_maleficiary_sem', (select idEntity from entity where alias = 'cpt_maleficiary_sem'));
insert into concept (entry, idEntity) values ('cpt_typological_role', (select idEntity from entity where alias = 'cpt_typological_role'));
insert into concept (entry, idEntity) values ('cpt_a_role', (select idEntity from entity where alias = 'cpt_a_role'));
insert into concept (entry, idEntity) values ('cpt_s_role', (select idEntity from entity where alias = 'cpt_s_role'));
insert into concept (entry, idEntity) values ('cpt_p_role', (select idEntity from entity where alias = 'cpt_p_role'));
insert into concept (entry, idEntity) values ('cpt_r_role', (select idEntity from entity where alias = 'cpt_r_role'));
insert into concept (entry, idEntity) values ('cpt_t_role', (select idEntity from entity where alias = 'cpt_t_role'));
insert into concept (entry, idEntity) values ('cpt_relation_sem', (select idEntity from entity where alias = 'cpt_relation_sem'));
insert into concept (entry, idEntity) values ('cpt_causal_rel', (select idEntity from entity where alias = 'cpt_causal_rel'));
insert into concept (entry, idEntity) values ('cpt_temporal_rel', (select idEntity from entity where alias = 'cpt_temporal_rel'));
insert into concept (entry, idEntity) values ('cpt_anterior_rel', (select idEntity from entity where alias = 'cpt_anterior_rel'));
insert into concept (entry, idEntity) values ('cpt_posterior_rel', (select idEntity from entity where alias = 'cpt_posterior_rel'));
insert into concept (entry, idEntity) values ('cpt_overlap_rel', (select idEntity from entity where alias = 'cpt_overlap_rel'));
insert into concept (entry, idEntity) values ('cpt_purpose_rel', (select idEntity from entity where alias = 'cpt_purpose_rel'));
insert into concept (entry, idEntity) values ('cpt_apprehensional_rel', (select idEntity from entity where alias = 'cpt_apprehensional_rel'));
insert into concept (entry, idEntity) values ('cpt_negation_rel', (select idEntity from entity where alias = 'cpt_negation_rel'));
insert into concept (entry, idEntity) values ('cpt_addition_rel', (select idEntity from entity where alias = 'cpt_addition_rel'));
insert into concept (entry, idEntity) values ('cpt_substitution_rel', (select idEntity from entity where alias = 'cpt_substitution_rel'));
insert into concept (entry, idEntity) values ('cpt_remotion_rel', (select idEntity from entity where alias = 'cpt_remotion_rel'));
insert into concept (entry, idEntity) values ('cpt_condition_rel', (select idEntity from entity where alias = 'cpt_condition_rel'));
insert into concept (entry, idEntity) values ('cpt_concession_rel', (select idEntity from entity where alias = 'cpt_concession_rel'));
insert into concept (entry, idEntity) values ('cpt_opposition_rel', (select idEntity from entity where alias = 'cpt_opposition_rel'));
insert into concept (entry, idEntity) values ('cpt_explication_rel', (select idEntity from entity where alias = 'cpt_explication_rel'));
insert into concept (entry, idEntity) values ('cpt_conclusion_rel', (select idEntity from entity where alias = 'cpt_conclusion_rel'));
insert into concept (entry, idEntity) values ('cpt_alternation_rel', (select idEntity from entity where alias = 'cpt_alternation_rel'));
insert into concept (entry, idEntity) values ('cpt_comparison_rel', (select idEntity from entity where alias = 'cpt_comparison_rel'));
insert into concept (entry, idEntity) values ('cpt_information_structure', (select idEntity from entity where alias = 'cpt_information_structure'));
insert into concept (entry, idEntity) values ('cpt_reference_inf', (select idEntity from entity where alias = 'cpt_reference_inf'));
insert into concept (entry, idEntity) values ('cpt_accessible_reference_inf', (select idEntity from entity where alias = 'cpt_accessible_reference_inf'));
insert into concept (entry, idEntity) values ('cpt_specific_reference_inf', (select idEntity from entity where alias = 'cpt_specific_reference_inf'));
insert into concept (entry, idEntity) values ('cpt_nonspecific_reference_inf', (select idEntity from entity where alias = 'cpt_nonspecific_reference_inf'));
insert into concept (entry, idEntity) values ('cpt_generic_reference_inf', (select idEntity from entity where alias = 'cpt_generic_reference_inf'));
insert into concept (entry, idEntity) values ('cpt_modification_inf', (select idEntity from entity where alias = 'cpt_modification_inf'));
insert into concept (entry, idEntity) values ('cpt_subcategorization_inf', (select idEntity from entity where alias = 'cpt_subcategorization_inf'));
insert into concept (entry, idEntity) values ('cpt_selection_inf', (select idEntity from entity where alias = 'cpt_selection_inf'));
insert into concept (entry, idEntity) values ('cpt_situate_inf', (select idEntity from entity where alias = 'cpt_situate_inf'));
insert into concept (entry, idEntity) values ('cpt_predication_inf', (select idEntity from entity where alias = 'cpt_predication_inf'));
insert into concept (entry, idEntity) values ('cpt_construction_cc', (select idEntity from entity where alias = 'cpt_construction_cc'));
insert into concept (entry, idEntity) values ('cpt_element_cxn', (select idEntity from entity where alias = 'cpt_element_cxn'));
insert into concept (entry, idEntity) values ('cpt_head_cxn', (select idEntity from entity where alias = 'cpt_head_cxn'));
insert into concept (entry, idEntity) values ('cpt_dependent_cxn', (select idEntity from entity where alias = 'cpt_dependent_cxn'));
insert into concept (entry, idEntity) values ('cpt_prototypical_propositon_act_cxn', (select idEntity from entity where alias = 'cpt_prototypical_propositon_act_cxn'));
insert into concept (entry, idEntity) values ('cpt_noun_cxn', (select idEntity from entity where alias = 'cpt_noun_cxn'));
insert into concept (entry, idEntity) values ('cpt_adjective_cxn', (select idEntity from entity where alias = 'cpt_adjective_cxn'));
insert into concept (entry, idEntity) values ('cpt_verb_cxn', (select idEntity from entity where alias = 'cpt_verb_cxn'));
insert into concept (entry, idEntity) values ('cpt_phrase_cxn', (select idEntity from entity where alias = 'cpt_phrase_cxn'));
insert into concept (entry, idEntity) values ('cpt_referring_phrase_cxn', (select idEntity from entity where alias = 'cpt_referring_phrase_cxn'));
insert into concept (entry, idEntity) values ('cpt_common_noun_cxn', (select idEntity from entity where alias = 'cpt_common_noun_cxn'));
insert into concept (entry, idEntity) values ('cpt_proper_noun_cxn', (select idEntity from entity where alias = 'cpt_proper_noun_cxn'));
insert into concept (entry, idEntity) values ('cpt_pronoun_cxn', (select idEntity from entity where alias = 'cpt_pronoun_cxn'));
insert into concept (entry, idEntity) values ('cpt_attributive_phrase_cxn', (select idEntity from entity where alias = 'cpt_attributive_phrase_cxn'));
insert into concept (entry, idEntity) values ('cpt_argument_phrase_cxn', (select idEntity from entity where alias = 'cpt_argument_phrase_cxn'));
insert into concept (entry, idEntity) values ('cpt_subject_cxn', (select idEntity from entity where alias = 'cpt_subject_cxn'));
insert into concept (entry, idEntity) values ('cpt_object_cxn', (select idEntity from entity where alias = 'cpt_object_cxn'));
insert into concept (entry, idEntity) values ('cpt_oblique_cxn', (select idEntity from entity where alias = 'cpt_oblique_cxn'));
insert into concept (entry, idEntity) values ('cpt_admodification_phrase_cxn', (select idEntity from entity where alias = 'cpt_admodification_phrase_cxn'));
insert into concept (entry, idEntity) values ('cpt_expression_cxn', (select idEntity from entity where alias = 'cpt_expression_cxn'));
insert into concept (entry, idEntity) values ('cpt_predicate_cxn', (select idEntity from entity where alias = 'cpt_predicate_cxn'));
insert into concept (entry, idEntity) values ('cpt_admodifier_cxn', (select idEntity from entity where alias = 'cpt_admodifier_cxn'));
insert into concept (entry, idEntity) values ('cpt_modifier_cxn', (select idEntity from entity where alias = 'cpt_modifier_cxn'));
insert into concept (entry, idEntity) values ('cpt_numeral_cxn', (select idEntity from entity where alias = 'cpt_numeral_cxn'));
insert into concept (entry, idEntity) values ('cpt_quantifier_cxn', (select idEntity from entity where alias = 'cpt_quantifier_cxn'));
insert into concept (entry, idEntity) values ('cpt_set_member_cxn', (select idEntity from entity where alias = 'cpt_set_member_cxn'));
insert into concept (entry, idEntity) values ('cpt_mensural_cxn', (select idEntity from entity where alias = 'cpt_mensural_cxn'));
insert into concept (entry, idEntity) values ('cpt_nominal_modifier_cxn', (select idEntity from entity where alias = 'cpt_nominal_modifier_cxn'));
insert into concept (entry, idEntity) values ('cpt_referent_expression_cxn', (select idEntity from entity where alias = 'cpt_referent_expression_cxn'));
insert into concept (entry, idEntity) values ('cpt_determiner_cxn', (select idEntity from entity where alias = 'cpt_determiner_cxn'));
insert into concept (entry, idEntity) values ('cpt_demonstrative_pronoun_cxn', (select idEntity from entity where alias = 'cpt_demonstrative_pronoun_cxn'));
insert into concept (entry, idEntity) values ('cpt_article_cxn', (select idEntity from entity where alias = 'cpt_article_cxn'));
insert into concept (entry, idEntity) values ('cpt_complex_cxn', (select idEntity from entity where alias = 'cpt_complex_cxn'));
insert into concept (entry, idEntity) values ('cpt_clause_cxn', (select idEntity from entity where alias = 'cpt_clause_cxn'));
insert into concept (entry, idEntity) values ('cpt_complex_predicat_cxn', (select idEntity from entity where alias = 'cpt_complex_predicat_cxn'));
insert into concept (entry, idEntity) values ('cpt_argument_structure_cxn', (select idEntity from entity where alias = 'cpt_argument_structure_cxn'));
insert into concept (entry, idEntity) values ('cpt_intransitive_cxn', (select idEntity from entity where alias = 'cpt_intransitive_cxn'));
insert into concept (entry, idEntity) values ('cpt_transitive_cxn', (select idEntity from entity where alias = 'cpt_transitive_cxn'));
insert into concept (entry, idEntity) values ('cpt_ditransitive_cxn', (select idEntity from entity where alias = 'cpt_ditransitive_cxn'));
insert into concept (entry, idEntity) values ('cpt_modification_cxn', (select idEntity from entity where alias = 'cpt_modification_cxn'));
insert into concept (entry, idEntity) values ('cpt_nonprototypical_propositional_act_cxn', (select idEntity from entity where alias = 'cpt_nonprototypical_propositional_act_cxn'));
insert into concept (entry, idEntity) values ('cpt_deadjectival_nominal_cxn', (select idEntity from entity where alias = 'cpt_deadjectival_nominal_cxn'));
insert into concept (entry, idEntity) values ('cpt_nominal_modifier_cxn', (select idEntity from entity where alias = 'cpt_nominal_modifier_cxn'));
insert into concept (entry, idEntity) values ('cpt_predicate_nominal_cxn', (select idEntity from entity where alias = 'cpt_predicate_nominal_cxn'));
insert into concept (entry, idEntity) values ('cpt_predicate_adjectival_cxn', (select idEntity from entity where alias = 'cpt_predicate_adjectival_cxn'));
insert into concept (entry, idEntity) values ('cpt_complement_clause_cxn', (select idEntity from entity where alias = 'cpt_complement_clause_cxn'));
insert into concept (entry, idEntity) values ('cpt_relative_clause_cxn', (select idEntity from entity where alias = 'cpt_relative_clause_cxn'));
insert into concept (entry, idEntity) values ('cpt_strategy_cc', (select idEntity from entity where alias = 'cpt_strategy_cc'));
insert into concept (entry, idEntity) values ('cpt_encoding_str', (select idEntity from entity where alias = 'cpt_encoding_str'));
insert into concept (entry, idEntity) values ('cpt_simple_str', (select idEntity from entity where alias = 'cpt_simple_str'));
insert into concept (entry, idEntity) values ('cpt_juxtaposition_str', (select idEntity from entity where alias = 'cpt_juxtaposition_str'));
insert into concept (entry, idEntity) values ('cpt_compounding_str', (select idEntity from entity where alias = 'cpt_compounding_str'));
insert into concept (entry, idEntity) values ('cpt_affixation_str', (select idEntity from entity where alias = 'cpt_affixation_str'));
insert into concept (entry, idEntity) values ('cpt_case_marking_str', (select idEntity from entity where alias = 'cpt_case_marking_str'));
insert into concept (entry, idEntity) values ('cpt_adposition_str', (select idEntity from entity where alias = 'cpt_adposition_str'));
insert into concept (entry, idEntity) values ('cpt_preposition_str', (select idEntity from entity where alias = 'cpt_preposition_str'));
insert into concept (entry, idEntity) values ('cpt_postposition_str', (select idEntity from entity where alias = 'cpt_postposition_str'));
insert into concept (entry, idEntity) values ('cpt_case_affix_str', (select idEntity from entity where alias = 'cpt_case_affix_str'));
insert into concept (entry, idEntity) values ('cpt_indexical_str', (select idEntity from entity where alias = 'cpt_indexical_str'));
insert into concept (entry, idEntity) values ('cpt_person_indexation_str', (select idEntity from entity where alias = 'cpt_person_indexation_str'));
insert into concept (entry, idEntity) values ('cpt_non-person_indexation_str', (select idEntity from entity where alias = 'cpt_non-person_indexation_str'));
insert into concept (entry, idEntity) values ('cpt_linker_str', (select idEntity from entity where alias = 'cpt_linker_str'));
insert into concept (entry, idEntity) values ('cpt_co-expression_str', (select idEntity from entity where alias = 'cpt_co-expression_str'));
insert into concept (entry, idEntity) values ('cpt_alignment_str', (select idEntity from entity where alias = 'cpt_alignment_str'));
insert into concept (entry, idEntity) values ('cpt_neutral_alignment_str', (select idEntity from entity where alias = 'cpt_neutral_alignment_str'));
insert into concept (entry, idEntity) values ('cpt_accusative_alignment_str', (select idEntity from entity where alias = 'cpt_accusative_alignment_str'));
insert into concept (entry, idEntity) values ('cpt_ergative_alignment_str', (select idEntity from entity where alias = 'cpt_ergative_alignment_str'));
insert into concept (entry, idEntity) values ('cpt_tripartite_alignment_str', (select idEntity from entity where alias = 'cpt_tripartite_alignment_str'));
insert into concept (entry, idEntity) values ('cpt_active_alignment_str', (select idEntity from entity where alias = 'cpt_active_alignment_str'));
insert into concept (entry, idEntity) values ('cpt_asp_role_category_str', (select idEntity from entity where alias = 'cpt_asp_role_category_str'));
insert into concept (entry, idEntity) values ('cpt_nominative_str', (select idEntity from entity where alias = 'cpt_nominative_str'));
insert into concept (entry, idEntity) values ('cpt_accusative_str', (select idEntity from entity where alias = 'cpt_accusative_str'));
insert into concept (entry, idEntity) values ('cpt_ergative_str', (select idEntity from entity where alias = 'cpt_ergative_str'));
insert into concept (entry, idEntity) values ('cpt_absolutive_str', (select idEntity from entity where alias = 'cpt_absolutive_str'));
insert into concept (entry, idEntity) values ('cpt_active_str', (select idEntity from entity where alias = 'cpt_active_str'));
insert into concept (entry, idEntity) values ('cpt_inactive_str', (select idEntity from entity where alias = 'cpt_inactive_str'));
insert into concept (entry, idEntity) values ('cpt_recruitment_str', (select idEntity from entity where alias = 'cpt_recruitment_str'));

--
-- Entry
--

insert into entry (entry, name, description, nick, idLanguage)
select entry, entry, entry,entry, 0
from concept;

insert into entry (entry, name, description, nick, idLanguage)
select entry, entry, entry,entry, 1
from concept;

insert into entry (entry, name, description, nick, idLanguage)
select entry, entry, entry,entry, 2
from concept;

insert into entry (entry, name, description, nick, idLanguage)
select entry, entry, entry,entry, 3
from concept;

insert into entry (entry, name, description, nick, idLanguage)
select entry, entry, entry,entry, 4
from concept;

insert into entry (entry, name, description, nick, idLanguage)
select entry, entry, entry,entry, 5
from concept;

--
-- Relation
--
insert into entityrelation (idRelationType, idEntity1, idEntity2) values (21, (select idEntity from entity where alias = 'cpt_ontology'), (select idEntity from entity where alias = 'cpt_semantic_content'));
insert into entityrelation (idRelationType, idEntity1, idEntity2) values (21, (select idEntity from entity where alias = 'cpt_entity_sem'), (select idEntity from entity where alias = 'cpt_ontology'));
insert into entityrelation (idRelationType, idEntity1, idEntity2) values (21, (select idEntity from entity where alias = 'cpt_object_sem'), (select idEntity from entity where alias = 'cpt_entity_sem'));
insert into entityrelation (idRelationType, idEntity1, idEntity2) values (21, (select idEntity from entity where alias = 'cpt_event_sem'), (select idEntity from entity where alias = 'cpt_entity_sem'));
insert into entityrelation (idRelationType, idEntity1, idEntity2) values (21, (select idEntity from entity where alias = 'cpt_property_sem'), (select idEntity from entity where alias = 'cpt_event_sem'));
insert into entityrelation (idRelationType, idEntity1, idEntity2) values (21, (select idEntity from entity where alias = 'cpt_action_sem'), (select idEntity from entity where alias = 'cpt_event_sem'));
insert into entityrelation (idRelationType, idEntity1, idEntity2) values (21, (select idEntity from entity where alias = 'cpt_state_sem'), (select idEntity from entity where alias = 'cpt_event_sem'));
insert into entityrelation (idRelationType, idEntity1, idEntity2) values (21, (select idEntity from entity where alias = 'cpt_semantic_role'), (select idEntity from entity where alias = 'cpt_semantic_content'));
insert into entityrelation (idRelationType, idEntity1, idEntity2) values (21, (select idEntity from entity where alias = 'cpt_core_semantic_role'), (select idEntity from entity where alias = 'cpt_core_semantic_role'));
insert into entityrelation (idRelationType, idEntity1, idEntity2) values (21, (select idEntity from entity where alias = 'cpt_agent_sem'), (select idEntity from entity where alias = 'cpt_core_semantic_role'));
insert into entityrelation (idRelationType, idEntity1, idEntity2) values (21, (select idEntity from entity where alias = 'cpt_patient_sem'), (select idEntity from entity where alias = 'cpt_core_semantic_role'));
insert into entityrelation (idRelationType, idEntity1, idEntity2) values (21, (select idEntity from entity where alias = 'cpt_theme_sem'), (select idEntity from entity where alias = 'cpt_core_semantic_role'));
insert into entityrelation (idRelationType, idEntity1, idEntity2) values (21, (select idEntity from entity where alias = 'cpt_goal_sem'), (select idEntity from entity where alias = 'cpt_core_semantic_role'));
insert into entityrelation (idRelationType, idEntity1, idEntity2) values (21, (select idEntity from entity where alias = 'cpt_recipient_sem'), (select idEntity from entity where alias = 'cpt_core_semantic_role'));
insert into entityrelation (idRelationType, idEntity1, idEntity2) values (21, (select idEntity from entity where alias = 'cpt_force_sem'), (select idEntity from entity where alias = 'cpt_core_semantic_role'));
insert into entityrelation (idRelationType, idEntity1, idEntity2) values (21, (select idEntity from entity where alias = 'cpt_experience_sem'), (select idEntity from entity where alias = 'cpt_core_semantic_role'));
insert into entityrelation (idRelationType, idEntity1, idEntity2) values (21, (select idEntity from entity where alias = 'cpt_stimulus_sem'), (select idEntity from entity where alias = 'cpt_core_semantic_role'));
insert into entityrelation (idRelationType, idEntity1, idEntity2) values (21, (select idEntity from entity where alias = 'cpt_peripheral_semantic_role'), (select idEntity from entity where alias = 'cpt_semantic_role'));
insert into entityrelation (idRelationType, idEntity1, idEntity2) values (21, (select idEntity from entity where alias = 'cpt_instrument_sem'), (select idEntity from entity where alias = 'cpt_peripheral_semantic_role'));
insert into entityrelation (idRelationType, idEntity1, idEntity2) values (21, (select idEntity from entity where alias = 'cpt_comitative_sem'), (select idEntity from entity where alias = 'cpt_peripheral_semantic_role'));
insert into entityrelation (idRelationType, idEntity1, idEntity2) values (21, (select idEntity from entity where alias = 'cpt_cause_sem'), (select idEntity from entity where alias = 'cpt_peripheral_semantic_role'));
insert into entityrelation (idRelationType, idEntity1, idEntity2) values (21, (select idEntity from entity where alias = 'cpt_recipient_sem'), (select idEntity from entity where alias = 'cpt_peripheral_semantic_role'));
insert into entityrelation (idRelationType, idEntity1, idEntity2) values (21, (select idEntity from entity where alias = 'cpt_beneficiary_sem'), (select idEntity from entity where alias = 'cpt_peripheral_semantic_role'));
insert into entityrelation (idRelationType, idEntity1, idEntity2) values (21, (select idEntity from entity where alias = 'cpt_maleficiary_sem'), (select idEntity from entity where alias = 'cpt_peripheral_semantic_role'));
insert into entityrelation (idRelationType, idEntity1, idEntity2) values (21, (select idEntity from entity where alias = 'cpt_typological_role'), (select idEntity from entity where alias = 'cpt_semantic_content'));
insert into entityrelation (idRelationType, idEntity1, idEntity2) values (21, (select idEntity from entity where alias = 'cpt_a_role'), (select idEntity from entity where alias = 'cpt_typological_role'));
insert into entityrelation (idRelationType, idEntity1, idEntity2) values (21, (select idEntity from entity where alias = 'cpt_s_role'), (select idEntity from entity where alias = 'cpt_typological_role'));
insert into entityrelation (idRelationType, idEntity1, idEntity2) values (21, (select idEntity from entity where alias = 'cpt_p_role'), (select idEntity from entity where alias = 'cpt_typological_role'));
insert into entityrelation (idRelationType, idEntity1, idEntity2) values (21, (select idEntity from entity where alias = 'cpt_r_role'), (select idEntity from entity where alias = 'cpt_typological_role'));
insert into entityrelation (idRelationType, idEntity1, idEntity2) values (21, (select idEntity from entity where alias = 'cpt_t_role'), (select idEntity from entity where alias = 'cpt_typological_role'));
insert into entityrelation (idRelationType, idEntity1, idEntity2) values (21, (select idEntity from entity where alias = 'cpt_relation_sem'), (select idEntity from entity where alias = 'cpt_semantic_content'));
insert into entityrelation (idRelationType, idEntity1, idEntity2) values (21, (select idEntity from entity where alias = 'cpt_causal_rel'), (select idEntity from entity where alias = 'cpt_relation_sem'));
insert into entityrelation (idRelationType, idEntity1, idEntity2) values (21, (select idEntity from entity where alias = 'cpt_temporal_rel'), (select idEntity from entity where alias = 'cpt_relation_sem'));
insert into entityrelation (idRelationType, idEntity1, idEntity2) values (21, (select idEntity from entity where alias = 'cpt_anterior_rel'), (select idEntity from entity where alias = 'cpt_temporal_rel'));
insert into entityrelation (idRelationType, idEntity1, idEntity2) values (21, (select idEntity from entity where alias = 'cpt_posterior_rel'), (select idEntity from entity where alias = 'cpt_temporal_rel'));
insert into entityrelation (idRelationType, idEntity1, idEntity2) values (21, (select idEntity from entity where alias = 'cpt_overlap_rel'), (select idEntity from entity where alias = 'cpt_temporal_rel'));
insert into entityrelation (idRelationType, idEntity1, idEntity2) values (21, (select idEntity from entity where alias = 'cpt_purpose_rel'), (select idEntity from entity where alias = 'cpt_relation_sem'));
insert into entityrelation (idRelationType, idEntity1, idEntity2) values (21, (select idEntity from entity where alias = 'cpt_apprehensional_rel'), (select idEntity from entity where alias = 'cpt_relation_sem'));
insert into entityrelation (idRelationType, idEntity1, idEntity2) values (21, (select idEntity from entity where alias = 'cpt_negation_rel'), (select idEntity from entity where alias = 'cpt_relation_sem'));
insert into entityrelation (idRelationType, idEntity1, idEntity2) values (21, (select idEntity from entity where alias = 'cpt_addition_rel'), (select idEntity from entity where alias = 'cpt_relation_sem'));
insert into entityrelation (idRelationType, idEntity1, idEntity2) values (21, (select idEntity from entity where alias = 'cpt_substitution_rel'), (select idEntity from entity where alias = 'cpt_relation_sem'));
insert into entityrelation (idRelationType, idEntity1, idEntity2) values (21, (select idEntity from entity where alias = 'cpt_remotion_rel'), (select idEntity from entity where alias = 'cpt_relation_sem'));
insert into entityrelation (idRelationType, idEntity1, idEntity2) values (21, (select idEntity from entity where alias = 'cpt_condition_rel'), (select idEntity from entity where alias = 'cpt_relation_sem'));
insert into entityrelation (idRelationType, idEntity1, idEntity2) values (21, (select idEntity from entity where alias = 'cpt_concession_rel'), (select idEntity from entity where alias = 'cpt_relation_sem'));
insert into entityrelation (idRelationType, idEntity1, idEntity2) values (21, (select idEntity from entity where alias = 'cpt_opposition_rel'), (select idEntity from entity where alias = 'cpt_relation_sem'));
insert into entityrelation (idRelationType, idEntity1, idEntity2) values (21, (select idEntity from entity where alias = 'cpt_explication_rel'), (select idEntity from entity where alias = 'cpt_relation_sem'));
insert into entityrelation (idRelationType, idEntity1, idEntity2) values (21, (select idEntity from entity where alias = 'cpt_conclusion_rel'), (select idEntity from entity where alias = 'cpt_relation_sem'));
insert into entityrelation (idRelationType, idEntity1, idEntity2) values (21, (select idEntity from entity where alias = 'cpt_alternation_rel'), (select idEntity from entity where alias = 'cpt_relation_sem'));
insert into entityrelation (idRelationType, idEntity1, idEntity2) values (21, (select idEntity from entity where alias = 'cpt_comparison_rel'), (select idEntity from entity where alias = 'cpt_relation_sem'));
insert into entityrelation (idRelationType, idEntity1, idEntity2) values (21, (select idEntity from entity where alias = 'cpt_reference_inf'), (select idEntity from entity where alias = 'cpt_information_structure'));
insert into entityrelation (idRelationType, idEntity1, idEntity2) values (21, (select idEntity from entity where alias = 'cpt_accessible_reference_inf'), (select idEntity from entity where alias = 'cpt_reference_inf'));
insert into entityrelation (idRelationType, idEntity1, idEntity2) values (21, (select idEntity from entity where alias = 'cpt_specific_reference_inf'), (select idEntity from entity where alias = 'cpt_reference_inf'));
insert into entityrelation (idRelationType, idEntity1, idEntity2) values (21, (select idEntity from entity where alias = 'cpt_nonspecific_reference_inf'), (select idEntity from entity where alias = 'cpt_reference_inf'));
insert into entityrelation (idRelationType, idEntity1, idEntity2) values (21, (select idEntity from entity where alias = 'cpt_generic_reference_inf'), (select idEntity from entity where alias = 'cpt_reference_inf'));
insert into entityrelation (idRelationType, idEntity1, idEntity2) values (21, (select idEntity from entity where alias = 'cpt_modification_inf'), (select idEntity from entity where alias = 'cpt_information_structure'));
insert into entityrelation (idRelationType, idEntity1, idEntity2) values (21, (select idEntity from entity where alias = 'cpt_subcategorization_inf'), (select idEntity from entity where alias = 'cpt_modification_inf'));
insert into entityrelation (idRelationType, idEntity1, idEntity2) values (21, (select idEntity from entity where alias = 'cpt_selection_inf'), (select idEntity from entity where alias = 'cpt_modification_inf'));
insert into entityrelation (idRelationType, idEntity1, idEntity2) values (21, (select idEntity from entity where alias = 'cpt_situate_inf'), (select idEntity from entity where alias = 'cpt_modification_inf'));
insert into entityrelation (idRelationType, idEntity1, idEntity2) values (21, (select idEntity from entity where alias = 'cpt_predication_inf'), (select idEntity from entity where alias = 'cpt_information_structure'));
insert into entityrelation (idRelationType, idEntity1, idEntity2) values (21, (select idEntity from entity where alias = 'cpt_element_cxn'), (select idEntity from entity where alias = 'cpt_construction_cc'));
insert into entityrelation (idRelationType, idEntity1, idEntity2) values (21, (select idEntity from entity where alias = 'cpt_head_cxn'), (select idEntity from entity where alias = 'cpt_element_cxn'));
insert into entityrelation (idRelationType, idEntity1, idEntity2) values (21, (select idEntity from entity where alias = 'cpt_dependent_cxn'), (select idEntity from entity where alias = 'cpt_element_cxn'));
insert into entityrelation (idRelationType, idEntity1, idEntity2) values (21, (select idEntity from entity where alias = 'cpt_prototypical_propositon_act_cxn'), (select idEntity from entity where alias = 'cpt_construction_cc'));
insert into entityrelation (idRelationType, idEntity1, idEntity2) values (21, (select idEntity from entity where alias = 'cpt_noun_cxn'), (select idEntity from entity where alias = 'cpt_prototypical_propositon_act_cxn'));
insert into entityrelation (idRelationType, idEntity1, idEntity2) values (21, (select idEntity from entity where alias = 'cpt_adjective_cxn'), (select idEntity from entity where alias = 'cpt_prototypical_propositon_act_cxn'));
insert into entityrelation (idRelationType, idEntity1, idEntity2) values (21, (select idEntity from entity where alias = 'cpt_verb_cxn'), (select idEntity from entity where alias = 'cpt_prototypical_propositon_act_cxn'));
insert into entityrelation (idRelationType, idEntity1, idEntity2) values (21, (select idEntity from entity where alias = 'cpt_phrase_cxn'), (select idEntity from entity where alias = 'cpt_construction_cc'));
insert into entityrelation (idRelationType, idEntity1, idEntity2) values (21, (select idEntity from entity where alias = 'cpt_referring_phrase_cxn'), (select idEntity from entity where alias = 'cpt_phrase_cxn'));
insert into entityrelation (idRelationType, idEntity1, idEntity2) values (21, (select idEntity from entity where alias = 'cpt_common_noun_cxn'), (select idEntity from entity where alias = 'cpt_referring_phrase_cxn'));
insert into entityrelation (idRelationType, idEntity1, idEntity2) values (21, (select idEntity from entity where alias = 'cpt_proper_noun_cxn'), (select idEntity from entity where alias = 'cpt_referring_phrase_cxn'));
insert into entityrelation (idRelationType, idEntity1, idEntity2) values (21, (select idEntity from entity where alias = 'cpt_pronoun_cxn'), (select idEntity from entity where alias = 'cpt_referring_phrase_cxn'));
insert into entityrelation (idRelationType, idEntity1, idEntity2) values (21, (select idEntity from entity where alias = 'cpt_attributive_phrase_cxn'), (select idEntity from entity where alias = 'cpt_phrase_cxn'));
insert into entityrelation (idRelationType, idEntity1, idEntity2) values (21, (select idEntity from entity where alias = 'cpt_argument_phrase_cxn'), (select idEntity from entity where alias = 'cpt_phrase_cxn'));
insert into entityrelation (idRelationType, idEntity1, idEntity2) values (21, (select idEntity from entity where alias = 'cpt_subject_cxn'), (select idEntity from entity where alias = 'cpt_argument_phrase_cxn'));
insert into entityrelation (idRelationType, idEntity1, idEntity2) values (21, (select idEntity from entity where alias = 'cpt_object_cxn'), (select idEntity from entity where alias = 'cpt_argument_phrase_cxn'));
insert into entityrelation (idRelationType, idEntity1, idEntity2) values (21, (select idEntity from entity where alias = 'cpt_oblique_cxn'), (select idEntity from entity where alias = 'cpt_argument_phrase_cxn'));
insert into entityrelation (idRelationType, idEntity1, idEntity2) values (21, (select idEntity from entity where alias = 'cpt_admodification_phrase_cxn'), (select idEntity from entity where alias = 'cpt_phrase_cxn'));
insert into entityrelation (idRelationType, idEntity1, idEntity2) values (21, (select idEntity from entity where alias = 'cpt_expression_cxn'), (select idEntity from entity where alias = 'cpt_construction_cc'));
insert into entityrelation (idRelationType, idEntity1, idEntity2) values (21, (select idEntity from entity where alias = 'cpt_predicate_cxn'), (select idEntity from entity where alias = 'cpt_expression_cxn'));
insert into entityrelation (idRelationType, idEntity1, idEntity2) values (21, (select idEntity from entity where alias = 'cpt_admodifier_cxn'), (select idEntity from entity where alias = 'cpt_expression_cxn'));
insert into entityrelation (idRelationType, idEntity1, idEntity2) values (21, (select idEntity from entity where alias = 'cpt_modifier_cxn'), (select idEntity from entity where alias = 'cpt_expression_cxn'));
insert into entityrelation (idRelationType, idEntity1, idEntity2) values (21, (select idEntity from entity where alias = 'cpt_numeral_cxn'), (select idEntity from entity where alias = 'cpt_modifier_cxn'));
insert into entityrelation (idRelationType, idEntity1, idEntity2) values (21, (select idEntity from entity where alias = 'cpt_quantifier_cxn'), (select idEntity from entity where alias = 'cpt_modifier_cxn'));
insert into entityrelation (idRelationType, idEntity1, idEntity2) values (21, (select idEntity from entity where alias = 'cpt_set_member_cxn'), (select idEntity from entity where alias = 'cpt_modifier_cxn'));
insert into entityrelation (idRelationType, idEntity1, idEntity2) values (21, (select idEntity from entity where alias = 'cpt_mensural_cxn'), (select idEntity from entity where alias = 'cpt_modifier_cxn'));
insert into entityrelation (idRelationType, idEntity1, idEntity2) values (21, (select idEntity from entity where alias = 'cpt_nominal_modifier_cxn'), (select idEntity from entity where alias = 'cpt_modifier_cxn'));
insert into entityrelation (idRelationType, idEntity1, idEntity2) values (21, (select idEntity from entity where alias = 'cpt_referent_expression_cxn'), (select idEntity from entity where alias = 'cpt_expression_cxn'));
insert into entityrelation (idRelationType, idEntity1, idEntity2) values (21, (select idEntity from entity where alias = 'cpt_determiner_cxn'), (select idEntity from entity where alias = 'cpt_expression_cxn'));
insert into entityrelation (idRelationType, idEntity1, idEntity2) values (21, (select idEntity from entity where alias = 'cpt_demonstrative_pronoun_cxn'), (select idEntity from entity where alias = 'cpt_determiner_cxn'));
insert into entityrelation (idRelationType, idEntity1, idEntity2) values (21, (select idEntity from entity where alias = 'cpt_article_cxn'), (select idEntity from entity where alias = 'cpt_determiner_cxn'));
insert into entityrelation (idRelationType, idEntity1, idEntity2) values (21, (select idEntity from entity where alias = 'cpt_complex_cxn'), (select idEntity from entity where alias = 'cpt_expression_cxn'));
insert into entityrelation (idRelationType, idEntity1, idEntity2) values (21, (select idEntity from entity where alias = 'cpt_clause_cxn'), (select idEntity from entity where alias = 'cpt_complex_cxn'));
insert into entityrelation (idRelationType, idEntity1, idEntity2) values (21, (select idEntity from entity where alias = 'cpt_complex_predicat_cxn'), (select idEntity from entity where alias = 'cpt_complex_cxn'));
insert into entityrelation (idRelationType, idEntity1, idEntity2) values (21, (select idEntity from entity where alias = 'cpt_argument_structure_cxn'), (select idEntity from entity where alias = 'cpt_complex_cxn'));
insert into entityrelation (idRelationType, idEntity1, idEntity2) values (21, (select idEntity from entity where alias = 'cpt_intransitive_cxn'), (select idEntity from entity where alias = 'cpt_argument_structure_cxn'));
insert into entityrelation (idRelationType, idEntity1, idEntity2) values (21, (select idEntity from entity where alias = 'cpt_transitive_cxn'), (select idEntity from entity where alias = 'cpt_argument_structure_cxn'));
insert into entityrelation (idRelationType, idEntity1, idEntity2) values (21, (select idEntity from entity where alias = 'cpt_ditransitive_cxn'), (select idEntity from entity where alias = 'cpt_argument_structure_cxn'));
insert into entityrelation (idRelationType, idEntity1, idEntity2) values (21, (select idEntity from entity where alias = 'cpt_modification_cxn'), (select idEntity from entity where alias = 'cpt_complex_cxn'));
insert into entityrelation (idRelationType, idEntity1, idEntity2) values (21, (select idEntity from entity where alias = 'cpt_nonprototypical_propositional_act_cxn'), (select idEntity from entity where alias = 'cpt_expression_cxn'));
insert into entityrelation (idRelationType, idEntity1, idEntity2) values (21, (select idEntity from entity where alias = 'cpt_deadjectival_nominal_cxn'), (select idEntity from entity where alias = 'cpt_nonprototypical_propositional_act_cxn'));
insert into entityrelation (idRelationType, idEntity1, idEntity2) values (21, (select idEntity from entity where alias = 'cpt_nominal_modifier_cxn'), (select idEntity from entity where alias = 'cpt_nonprototypical_propositional_act_cxn'));
insert into entityrelation (idRelationType, idEntity1, idEntity2) values (21, (select idEntity from entity where alias = 'cpt_predicate_nominal_cxn'), (select idEntity from entity where alias = 'cpt_nonprototypical_propositional_act_cxn'));
insert into entityrelation (idRelationType, idEntity1, idEntity2) values (21, (select idEntity from entity where alias = 'cpt_predicate_adjectival_cxn'), (select idEntity from entity where alias = 'cpt_nonprototypical_propositional_act_cxn'));
insert into entityrelation (idRelationType, idEntity1, idEntity2) values (21, (select idEntity from entity where alias = 'cpt_complement_clause_cxn'), (select idEntity from entity where alias = 'cpt_nonprototypical_propositional_act_cxn'));
insert into entityrelation (idRelationType, idEntity1, idEntity2) values (21, (select idEntity from entity where alias = 'cpt_relative_clause_cxn'), (select idEntity from entity where alias = 'cpt_nonprototypical_propositional_act_cxn'));
insert into entityrelation (idRelationType, idEntity1, idEntity2) values (21, (select idEntity from entity where alias = 'cpt_encoding_str'), (select idEntity from entity where alias = 'cpt_strategy_cc'));
insert into entityrelation (idRelationType, idEntity1, idEntity2) values (21, (select idEntity from entity where alias = 'cpt_simple_str'), (select idEntity from entity where alias = 'cpt_encoding_str'));
insert into entityrelation (idRelationType, idEntity1, idEntity2) values (21, (select idEntity from entity where alias = 'cpt_juxtaposition_str'), (select idEntity from entity where alias = 'cpt_simple_str'));
insert into entityrelation (idRelationType, idEntity1, idEntity2) values (21, (select idEntity from entity where alias = 'cpt_compounding_str'), (select idEntity from entity where alias = 'cpt_simple_str'));
insert into entityrelation (idRelationType, idEntity1, idEntity2) values (21, (select idEntity from entity where alias = 'cpt_affixation_str'), (select idEntity from entity where alias = 'cpt_simple_str'));
insert into entityrelation (idRelationType, idEntity1, idEntity2) values (21, (select idEntity from entity where alias = 'cpt_case_marking_str'), (select idEntity from entity where alias = 'cpt_encoding_str'));
insert into entityrelation (idRelationType, idEntity1, idEntity2) values (21, (select idEntity from entity where alias = 'cpt_adposition_str'), (select idEntity from entity where alias = 'cpt_case_marking_str'));
insert into entityrelation (idRelationType, idEntity1, idEntity2) values (21, (select idEntity from entity where alias = 'cpt_preposition_str'), (select idEntity from entity where alias = 'cpt_adposition_str'));
insert into entityrelation (idRelationType, idEntity1, idEntity2) values (21, (select idEntity from entity where alias = 'cpt_postposition_str'), (select idEntity from entity where alias = 'cpt_adposition_str'));
insert into entityrelation (idRelationType, idEntity1, idEntity2) values (21, (select idEntity from entity where alias = 'cpt_case_affix_str'), (select idEntity from entity where alias = 'cpt_case_marking_str'));
insert into entityrelation (idRelationType, idEntity1, idEntity2) values (21, (select idEntity from entity where alias = 'cpt_indexical_str'), (select idEntity from entity where alias = 'cpt_encoding_str'));
insert into entityrelation (idRelationType, idEntity1, idEntity2) values (21, (select idEntity from entity where alias = 'cpt_person_indexation_str'), (select idEntity from entity where alias = 'cpt_indexical_str'));
insert into entityrelation (idRelationType, idEntity1, idEntity2) values (21, (select idEntity from entity where alias = 'cpt_non-person_indexation_str'), (select idEntity from entity where alias = 'cpt_indexical_str'));
insert into entityrelation (idRelationType, idEntity1, idEntity2) values (21, (select idEntity from entity where alias = 'cpt_linker_str'), (select idEntity from entity where alias = 'cpt_encoding_str'));
insert into entityrelation (idRelationType, idEntity1, idEntity2) values (21, (select idEntity from entity where alias = 'cpt_co-expression_str'), (select idEntity from entity where alias = 'cpt_strategy_cc'));
insert into entityrelation (idRelationType, idEntity1, idEntity2) values (21, (select idEntity from entity where alias = 'cpt_alignment_str'), (select idEntity from entity where alias = 'cpt_co-expression_str'));
insert into entityrelation (idRelationType, idEntity1, idEntity2) values (21, (select idEntity from entity where alias = 'cpt_neutral_alignment_str'), (select idEntity from entity where alias = 'cpt_alignment_str'));
insert into entityrelation (idRelationType, idEntity1, idEntity2) values (21, (select idEntity from entity where alias = 'cpt_accusative_alignment_str'), (select idEntity from entity where alias = 'cpt_alignment_str'));
insert into entityrelation (idRelationType, idEntity1, idEntity2) values (21, (select idEntity from entity where alias = 'cpt_ergative_alignment_str'), (select idEntity from entity where alias = 'cpt_alignment_str'));
insert into entityrelation (idRelationType, idEntity1, idEntity2) values (21, (select idEntity from entity where alias = 'cpt_tripartite_alignment_str'), (select idEntity from entity where alias = 'cpt_alignment_str'));
insert into entityrelation (idRelationType, idEntity1, idEntity2) values (21, (select idEntity from entity where alias = 'cpt_active_alignment_str'), (select idEntity from entity where alias = 'cpt_alignment_str'));
insert into entityrelation (idRelationType, idEntity1, idEntity2) values (21, (select idEntity from entity where alias = 'cpt_asp_role_category_str'), (select idEntity from entity where alias = 'cpt_co-expression_str'));
insert into entityrelation (idRelationType, idEntity1, idEntity2) values (21, (select idEntity from entity where alias = 'cpt_nominative_str'), (select idEntity from entity where alias = 'cpt_asp_role_category_str'));
insert into entityrelation (idRelationType, idEntity1, idEntity2) values (21, (select idEntity from entity where alias = 'cpt_accusative_str'), (select idEntity from entity where alias = 'cpt_asp_role_category_str'));
insert into entityrelation (idRelationType, idEntity1, idEntity2) values (21, (select idEntity from entity where alias = 'cpt_ergative_str'), (select idEntity from entity where alias = 'cpt_asp_role_category_str'));
insert into entityrelation (idRelationType, idEntity1, idEntity2) values (21, (select idEntity from entity where alias = 'cpt_absolutive_str'), (select idEntity from entity where alias = 'cpt_asp_role_category_str'));
insert into entityrelation (idRelationType, idEntity1, idEntity2) values (21, (select idEntity from entity where alias = 'cpt_active_str'), (select idEntity from entity where alias = 'cpt_asp_role_category_str'));
insert into entityrelation (idRelationType, idEntity1, idEntity2) values (21, (select idEntity from entity where alias = 'cpt_inactive_str'), (select idEntity from entity where alias = 'cpt_asp_role_category_str'));
insert into entityrelation (idRelationType, idEntity1, idEntity2) values (21, (select idEntity from entity where alias = 'cpt_recruitment_str'), (select idEntity from entity where alias = 'cpt_strategy_cc'));

commit;
