--
-- inclusão das categorias do Google Places como tipos ontológicos
--

insert into entity (alias, type, timeline, idOld) values ('sty_gp_airport','ST', null, 0);
insert into entity (alias, type, timeline, idOld) values ('sty_gp_amusement_park','ST', null, 0);
insert into entity (alias, type, timeline, idOld) values ('sty_gp_aquarium','ST', null, 0);
insert into entity (alias, type, timeline, idOld) values ('sty_gp_art_gallery','ST', null, 0);
insert into entity (alias, type, timeline, idOld) values ('sty_gp_atm','ST', null, 0);
insert into entity (alias, type, timeline, idOld) values ('sty_gp_bakery','ST', null, 0);
insert into entity (alias, type, timeline, idOld) values ('sty_gp_bank','ST', null, 0);
insert into entity (alias, type, timeline, idOld) values ('sty_gp_bar','ST', null, 0);
insert into entity (alias, type, timeline, idOld) values ('sty_gp_beauty_salon','ST', null, 0);
insert into entity (alias, type, timeline, idOld) values ('sty_gp_bicycle_store','ST', null, 0);
insert into entity (alias, type, timeline, idOld) values ('sty_gp_book_store','ST', null, 0);
insert into entity (alias, type, timeline, idOld) values ('sty_gp_bowling_alley','ST', null, 0);
insert into entity (alias, type, timeline, idOld) values ('sty_gp_bus_station','ST', null, 0);
insert into entity (alias, type, timeline, idOld) values ('sty_gp_cafe','ST', null, 0);
insert into entity (alias, type, timeline, idOld) values ('sty_gp_campground','ST', null, 0);
insert into entity (alias, type, timeline, idOld) values ('sty_gp_car_rental','ST', null, 0);
insert into entity (alias, type, timeline, idOld) values ('sty_gp_cemetery','ST', null, 0);
insert into entity (alias, type, timeline, idOld) values ('sty_gp_church','ST', null, 0);
insert into entity (alias, type, timeline, idOld) values ('sty_gp_city_hall','ST', null, 0);
insert into entity (alias, type, timeline, idOld) values ('sty_gp_clothing_store','ST', null, 0);
insert into entity (alias, type, timeline, idOld) values ('sty_gp_convenience_store','ST', null, 0);
insert into entity (alias, type, timeline, idOld) values ('sty_gp_courthouse','ST', null, 0);
insert into entity (alias, type, timeline, idOld) values ('sty_gp_dentist','ST', null, 0);
insert into entity (alias, type, timeline, idOld) values ('sty_gp_department_store','ST', null, 0);
insert into entity (alias, type, timeline, idOld) values ('sty_gp_doctor','ST', null, 0);
insert into entity (alias, type, timeline, idOld) values ('sty_gp_electronics_store','ST', null, 0);
insert into entity (alias, type, timeline, idOld) values ('sty_gp_embassy','ST', null, 0);
insert into entity (alias, type, timeline, idOld) values ('sty_gp_fire_station','ST', null, 0);
insert into entity (alias, type, timeline, idOld) values ('sty_gp_florist','ST', null, 0);
insert into entity (alias, type, timeline, idOld) values ('sty_gp_food','ST', null, 0);
insert into entity (alias, type, timeline, idOld) values ('sty_gp_furniture_store','ST', null, 0);
insert into entity (alias, type, timeline, idOld) values ('sty_gp_gas_station','ST', null, 0);
insert into entity (alias, type, timeline, idOld) values ('sty_gp_grocery_or_supermarket','ST', null, 0);
insert into entity (alias, type, timeline, idOld) values ('sty_gp_gym','ST', null, 0);
insert into entity (alias, type, timeline, idOld) values ('sty_gp_hair_care','ST', null, 0);
insert into entity (alias, type, timeline, idOld) values ('sty_gp_health','ST', null, 0);
insert into entity (alias, type, timeline, idOld) values ('sty_gp_hindu_temple','ST', null, 0);
insert into entity (alias, type, timeline, idOld) values ('sty_gp_home_goods_store','ST', null, 0);
insert into entity (alias, type, timeline, idOld) values ('sty_gp_hospital','ST', null, 0);
insert into entity (alias, type, timeline, idOld) values ('sty_gp_insurance_agency','ST', null, 0);
insert into entity (alias, type, timeline, idOld) values ('sty_gp_jewelry_store','ST', null, 0);
insert into entity (alias, type, timeline, idOld) values ('sty_gp_laundry','ST', null, 0);
insert into entity (alias, type, timeline, idOld) values ('sty_gp_library','ST', null, 0);
insert into entity (alias, type, timeline, idOld) values ('sty_gp_liquor_store','ST', null, 0);
insert into entity (alias, type, timeline, idOld) values ('sty_gp_lodging','ST', null, 0);
insert into entity (alias, type, timeline, idOld) values ('sty_gp_meal_delivery','ST', null, 0);
insert into entity (alias, type, timeline, idOld) values ('sty_gp_meal_takeaway','ST', null, 0);
insert into entity (alias, type, timeline, idOld) values ('sty_gp_mosque','ST', null, 0);
insert into entity (alias, type, timeline, idOld) values ('sty_gp_movie_theater','ST', null, 0);
insert into entity (alias, type, timeline, idOld) values ('sty_gp_museum','ST', null, 0);
insert into entity (alias, type, timeline, idOld) values ('sty_gp_night_club','ST', null, 0);
insert into entity (alias, type, timeline, idOld) values ('sty_gp_park','ST', null, 0);
insert into entity (alias, type, timeline, idOld) values ('sty_gp_parking','ST', null, 0);
insert into entity (alias, type, timeline, idOld) values ('sty_gp_pet_store','ST', null, 0);
insert into entity (alias, type, timeline, idOld) values ('sty_gp_pharmacy','ST', null, 0);
insert into entity (alias, type, timeline, idOld) values ('sty_gp_physiotherapist','ST', null, 0);
insert into entity (alias, type, timeline, idOld) values ('sty_gp_place_of_worship','ST', null, 0);
insert into entity (alias, type, timeline, idOld) values ('sty_gp_police','ST', null, 0);
insert into entity (alias, type, timeline, idOld) values ('sty_gp_post_office','ST', null, 0);
insert into entity (alias, type, timeline, idOld) values ('sty_gp_restaurant','ST', null, 0);
insert into entity (alias, type, timeline, idOld) values ('sty_gp_rv_park','ST', null, 0);
insert into entity (alias, type, timeline, idOld) values ('sty_gp_shoe_store','ST', null, 0);
insert into entity (alias, type, timeline, idOld) values ('sty_gp_shopping_mall','ST', null, 0);
insert into entity (alias, type, timeline, idOld) values ('sty_gp_spa','ST', null, 0);
insert into entity (alias, type, timeline, idOld) values ('sty_gp_stadium','ST', null, 0);
insert into entity (alias, type, timeline, idOld) values ('sty_gp_store','ST', null, 0);
insert into entity (alias, type, timeline, idOld) values ('sty_gp_subway_station','ST', null, 0);
insert into entity (alias, type, timeline, idOld) values ('sty_gp_synagogue','ST', null, 0);
insert into entity (alias, type, timeline, idOld) values ('sty_gp_taxi_stand','ST', null, 0);
insert into entity (alias, type, timeline, idOld) values ('sty_gp_train_station','ST', null, 0);
insert into entity (alias, type, timeline, idOld) values ('sty_gp_travel_agency','ST', null, 0);
insert into entity (alias, type, timeline, idOld) values ('sty_gp_university','ST', null, 0);
insert into entity (alias, type, timeline, idOld) values ('sty_gp_zoo','ST', null, 0);
insert into entity (alias, type, timeline, idOld) values ('sty_gp_colloquial_area','ST', null, 0);
insert into entity (alias, type, timeline, idOld) values ('sty_gp_natural_feature','ST', null, 0);
insert into entity (alias, type, timeline, idOld) values ('sty_gp_neighborhood','ST', null, 0);
insert into entity (alias, type, timeline, idOld) values ('sty_gp_route','ST', null, 0);
insert into entity (alias, type, timeline, idOld) values ('sty_gp_transit_station','ST', null, 0);


insert into entry(entry, name, description, nick, idLanguage) values ('sty_gp_airport','@airport','@airport','@airport',1);
insert into entry(entry, name, description, nick, idLanguage) values ('sty_gp_amusement_park','@amusement_park','@amusement_park','@amusement_park',1);
insert into entry(entry, name, description, nick, idLanguage) values ('sty_gp_aquarium','@aquarium','@aquarium','@aquarium',1);
insert into entry(entry, name, description, nick, idLanguage) values ('sty_gp_art_gallery','@art_gallery','@art_gallery','@art_gallery',1);
insert into entry(entry, name, description, nick, idLanguage) values ('sty_gp_atm','@atm','@atm','@atm',1);
insert into entry(entry, name, description, nick, idLanguage) values ('sty_gp_bakery','@bakery','@bakery','@bakery',1);
insert into entry(entry, name, description, nick, idLanguage) values ('sty_gp_bank','@bank','@bank','@bank',1);
insert into entry(entry, name, description, nick, idLanguage) values ('sty_gp_bar','@bar','@bar','@bar',1);
insert into entry(entry, name, description, nick, idLanguage) values ('sty_gp_beauty_salon','@beauty_salon','@beauty_salon','@beauty_salon',1);
insert into entry(entry, name, description, nick, idLanguage) values ('sty_gp_bicycle_store','@bicycle_store','@bicycle_store','@bicycle_store',1);
insert into entry(entry, name, description, nick, idLanguage) values ('sty_gp_book_store','@book_store','@book_store','@book_store',1);
insert into entry(entry, name, description, nick, idLanguage) values ('sty_gp_bowling_alley','@bowling_alley','@bowling_alley','@bowling_alley',1);
insert into entry(entry, name, description, nick, idLanguage) values ('sty_gp_bus_station','@bus_station','@bus_station','@bus_station',1);
insert into entry(entry, name, description, nick, idLanguage) values ('sty_gp_cafe','@cafe','@cafe','@cafe',1);
insert into entry(entry, name, description, nick, idLanguage) values ('sty_gp_campground','@campground','@campground','@campground',1);
insert into entry(entry, name, description, nick, idLanguage) values ('sty_gp_car_rental','@car_rental','@car_rental','@car_rental',1);
insert into entry(entry, name, description, nick, idLanguage) values ('sty_gp_cemetery','@cemetery','@cemetery','@cemetery',1);
insert into entry(entry, name, description, nick, idLanguage) values ('sty_gp_church','@church','@church','@church',1);
insert into entry(entry, name, description, nick, idLanguage) values ('sty_gp_city_hall','@city_hall','@city_hall','@city_hall',1);
insert into entry(entry, name, description, nick, idLanguage) values ('sty_gp_clothing_store','@clothing_store','@clothing_store','@clothing_store',1);
insert into entry(entry, name, description, nick, idLanguage) values ('sty_gp_convenience_store','@convenience_store','@convenience_store','@convenience_store',1);
insert into entry(entry, name, description, nick, idLanguage) values ('sty_gp_courthouse','@courthouse','@courthouse','@courthouse',1);
insert into entry(entry, name, description, nick, idLanguage) values ('sty_gp_dentist','@dentist','@dentist','@dentist',1);
insert into entry(entry, name, description, nick, idLanguage) values ('sty_gp_department_store','@department_store','@department_store','@department_store',1);
insert into entry(entry, name, description, nick, idLanguage) values ('sty_gp_doctor','@doctor','@doctor','@doctor',1);
insert into entry(entry, name, description, nick, idLanguage) values ('sty_gp_electronics_store','@electronics_store','@electronics_store','@electronics_store',1);
insert into entry(entry, name, description, nick, idLanguage) values ('sty_gp_embassy','@embassy','@embassy','@embassy',1);
insert into entry(entry, name, description, nick, idLanguage) values ('sty_gp_fire_station','@fire_station','@fire_station','@fire_station',1);
insert into entry(entry, name, description, nick, idLanguage) values ('sty_gp_florist','@florist','@florist','@florist',1);
insert into entry(entry, name, description, nick, idLanguage) values ('sty_gp_food','@food','@food','@food',1);
insert into entry(entry, name, description, nick, idLanguage) values ('sty_gp_furniture_store','@furniture_store','@furniture_store','@furniture_store',1);
insert into entry(entry, name, description, nick, idLanguage) values ('sty_gp_gas_station','@gas_station','@gas_station','@gas_station',1);
insert into entry(entry, name, description, nick, idLanguage) values ('sty_gp_grocery_or_supermarket','@grocery_or_supermarket','@grocery_or_supermarket','@grocery_or_supermarket',1);
insert into entry(entry, name, description, nick, idLanguage) values ('sty_gp_gym','@gym','@gym','@gym',1);
insert into entry(entry, name, description, nick, idLanguage) values ('sty_gp_hair_care','@hair_care','@hair_care','@hair_care',1);
insert into entry(entry, name, description, nick, idLanguage) values ('sty_gp_health','@health','@health','@health',1);
insert into entry(entry, name, description, nick, idLanguage) values ('sty_gp_hindu_temple','@hindu_temple','@hindu_temple','@hindu_temple',1);
insert into entry(entry, name, description, nick, idLanguage) values ('sty_gp_home_goods_store','@home_goods_store','@home_goods_store','@home_goods_store',1);
insert into entry(entry, name, description, nick, idLanguage) values ('sty_gp_hospital','@hospital','@hospital','@hospital',1);
insert into entry(entry, name, description, nick, idLanguage) values ('sty_gp_insurance_agency','@insurance_agency','@insurance_agency','@insurance_agency',1);
insert into entry(entry, name, description, nick, idLanguage) values ('sty_gp_jewelry_store','@jewelry_store','@jewelry_store','@jewelry_store',1);
insert into entry(entry, name, description, nick, idLanguage) values ('sty_gp_laundry','@laundry','@laundry','@laundry',1);
insert into entry(entry, name, description, nick, idLanguage) values ('sty_gp_library','@library','@library','@library',1);
insert into entry(entry, name, description, nick, idLanguage) values ('sty_gp_liquor_store','@liquor_store','@liquor_store','@liquor_store',1);
insert into entry(entry, name, description, nick, idLanguage) values ('sty_gp_lodging','@lodging','@lodging','@lodging',1);
insert into entry(entry, name, description, nick, idLanguage) values ('sty_gp_meal_delivery','@meal_delivery','@meal_delivery','@meal_delivery',1);
insert into entry(entry, name, description, nick, idLanguage) values ('sty_gp_meal_takeaway','@meal_takeaway','@meal_takeaway','@meal_takeaway',1);
insert into entry(entry, name, description, nick, idLanguage) values ('sty_gp_mosque','@mosque','@mosque','@mosque',1);
insert into entry(entry, name, description, nick, idLanguage) values ('sty_gp_movie_theater','@movie_theater','@movie_theater','@movie_theater',1);
insert into entry(entry, name, description, nick, idLanguage) values ('sty_gp_museum','@museum','@museum','@museum',1);
insert into entry(entry, name, description, nick, idLanguage) values ('sty_gp_night_club','@night_club','@night_club','@night_club',1);
insert into entry(entry, name, description, nick, idLanguage) values ('sty_gp_park','@park','@park','@park',1);
insert into entry(entry, name, description, nick, idLanguage) values ('sty_gp_parking','@parking','@parking','@parking',1);
insert into entry(entry, name, description, nick, idLanguage) values ('sty_gp_pet_store','@pet_store','@pet_store','@pet_store',1);
insert into entry(entry, name, description, nick, idLanguage) values ('sty_gp_pharmacy','@pharmacy','@pharmacy','@pharmacy',1);
insert into entry(entry, name, description, nick, idLanguage) values ('sty_gp_physiotherapist','@physiotherapist','@physiotherapist','@physiotherapist',1);
insert into entry(entry, name, description, nick, idLanguage) values ('sty_gp_place_of_worship','@place_of_worship','@place_of_worship','@place_of_worship',1);
insert into entry(entry, name, description, nick, idLanguage) values ('sty_gp_police','@police','@police','@police',1);
insert into entry(entry, name, description, nick, idLanguage) values ('sty_gp_post_office','@post_office','@post_office','@post_office',1);
insert into entry(entry, name, description, nick, idLanguage) values ('sty_gp_restaurant','@restaurant','@restaurant','@restaurant',1);
insert into entry(entry, name, description, nick, idLanguage) values ('sty_gp_rv_park','@rv_park','@rv_park','@rv_park',1);
insert into entry(entry, name, description, nick, idLanguage) values ('sty_gp_shoe_store','@shoe_store','@shoe_store','@shoe_store',1);
insert into entry(entry, name, description, nick, idLanguage) values ('sty_gp_shopping_mall','@shopping_mall','@shopping_mall','@shopping_mall',1);
insert into entry(entry, name, description, nick, idLanguage) values ('sty_gp_spa','@spa','@spa','@spa',1);
insert into entry(entry, name, description, nick, idLanguage) values ('sty_gp_stadium','@stadium','@stadium','@stadium',1);
insert into entry(entry, name, description, nick, idLanguage) values ('sty_gp_store','@store','@store','@store',1);
insert into entry(entry, name, description, nick, idLanguage) values ('sty_gp_subway_station','@subway_station','@subway_station','@subway_station',1);
insert into entry(entry, name, description, nick, idLanguage) values ('sty_gp_synagogue','@synagogue','@synagogue','@synagogue',1);
insert into entry(entry, name, description, nick, idLanguage) values ('sty_gp_taxi_stand','@taxi_stand','@taxi_stand','@taxi_stand',1);
insert into entry(entry, name, description, nick, idLanguage) values ('sty_gp_train_station','@train_station','@train_station','@train_station',1);
insert into entry(entry, name, description, nick, idLanguage) values ('sty_gp_travel_agency','@travel_agency','@travel_agency','@travel_agency',1);
insert into entry(entry, name, description, nick, idLanguage) values ('sty_gp_university','@university','@university','@university',1);
insert into entry(entry, name, description, nick, idLanguage) values ('sty_gp_zoo','@zoo','@zoo','@zoo',1);
insert into entry(entry, name, description, nick, idLanguage) values ('sty_gp_colloquial_area','@colloquial_area','@colloquial_area','@colloquial_area',1);
insert into entry(entry, name, description, nick, idLanguage) values ('sty_gp_natural_feature','@natural_feature','@natural_feature','@natural_feature',1);
insert into entry(entry, name, description, nick, idLanguage) values ('sty_gp_neighborhood','@neighborhood','@neighborhood','@neighborhood',1);
insert into entry(entry, name, description, nick, idLanguage) values ('sty_gp_route','@route','@route','@route',1);
insert into entry(entry, name, description, nick, idLanguage) values ('sty_gp_transit_station','@transit_station','@transit_station','@transit_station',1);

insert into entry(entry, name, description, nick, idLanguage) values ('sty_gp_airport','@airport','@airport','@airport',2);
insert into entry(entry, name, description, nick, idLanguage) values ('sty_gp_amusement_park','@amusement_park','@amusement_park','@amusement_park',2);
insert into entry(entry, name, description, nick, idLanguage) values ('sty_gp_aquarium','@aquarium','@aquarium','@aquarium',2);
insert into entry(entry, name, description, nick, idLanguage) values ('sty_gp_art_gallery','@art_gallery','@art_gallery','@art_gallery',2);
insert into entry(entry, name, description, nick, idLanguage) values ('sty_gp_atm','@atm','@atm','@atm',2);
insert into entry(entry, name, description, nick, idLanguage) values ('sty_gp_bakery','@bakery','@bakery','@bakery',2);
insert into entry(entry, name, description, nick, idLanguage) values ('sty_gp_bank','@bank','@bank','@bank',2);
insert into entry(entry, name, description, nick, idLanguage) values ('sty_gp_bar','@bar','@bar','@bar',2);
insert into entry(entry, name, description, nick, idLanguage) values ('sty_gp_beauty_salon','@beauty_salon','@beauty_salon','@beauty_salon',2);
insert into entry(entry, name, description, nick, idLanguage) values ('sty_gp_bicycle_store','@bicycle_store','@bicycle_store','@bicycle_store',2);
insert into entry(entry, name, description, nick, idLanguage) values ('sty_gp_book_store','@book_store','@book_store','@book_store',2);
insert into entry(entry, name, description, nick, idLanguage) values ('sty_gp_bowling_alley','@bowling_alley','@bowling_alley','@bowling_alley',2);
insert into entry(entry, name, description, nick, idLanguage) values ('sty_gp_bus_station','@bus_station','@bus_station','@bus_station',2);
insert into entry(entry, name, description, nick, idLanguage) values ('sty_gp_cafe','@cafe','@cafe','@cafe',2);
insert into entry(entry, name, description, nick, idLanguage) values ('sty_gp_campground','@campground','@campground','@campground',2);
insert into entry(entry, name, description, nick, idLanguage) values ('sty_gp_car_rental','@car_rental','@car_rental','@car_rental',2);
insert into entry(entry, name, description, nick, idLanguage) values ('sty_gp_cemetery','@cemetery','@cemetery','@cemetery',2);
insert into entry(entry, name, description, nick, idLanguage) values ('sty_gp_church','@church','@church','@church',2);
insert into entry(entry, name, description, nick, idLanguage) values ('sty_gp_city_hall','@city_hall','@city_hall','@city_hall',2);
insert into entry(entry, name, description, nick, idLanguage) values ('sty_gp_clothing_store','@clothing_store','@clothing_store','@clothing_store',2);
insert into entry(entry, name, description, nick, idLanguage) values ('sty_gp_convenience_store','@convenience_store','@convenience_store','@convenience_store',2);
insert into entry(entry, name, description, nick, idLanguage) values ('sty_gp_courthouse','@courthouse','@courthouse','@courthouse',2);
insert into entry(entry, name, description, nick, idLanguage) values ('sty_gp_dentist','@dentist','@dentist','@dentist',2);
insert into entry(entry, name, description, nick, idLanguage) values ('sty_gp_department_store','@department_store','@department_store','@department_store',2);
insert into entry(entry, name, description, nick, idLanguage) values ('sty_gp_doctor','@doctor','@doctor','@doctor',2);
insert into entry(entry, name, description, nick, idLanguage) values ('sty_gp_electronics_store','@electronics_store','@electronics_store','@electronics_store',2);
insert into entry(entry, name, description, nick, idLanguage) values ('sty_gp_embassy','@embassy','@embassy','@embassy',2);
insert into entry(entry, name, description, nick, idLanguage) values ('sty_gp_fire_station','@fire_station','@fire_station','@fire_station',2);
insert into entry(entry, name, description, nick, idLanguage) values ('sty_gp_florist','@florist','@florist','@florist',2);
insert into entry(entry, name, description, nick, idLanguage) values ('sty_gp_food','@food','@food','@food',2);
insert into entry(entry, name, description, nick, idLanguage) values ('sty_gp_furniture_store','@furniture_store','@furniture_store','@furniture_store',2);
insert into entry(entry, name, description, nick, idLanguage) values ('sty_gp_gas_station','@gas_station','@gas_station','@gas_station',2);
insert into entry(entry, name, description, nick, idLanguage) values ('sty_gp_grocery_or_supermarket','@grocery_or_supermarket','@grocery_or_supermarket','@grocery_or_supermarket',2);
insert into entry(entry, name, description, nick, idLanguage) values ('sty_gp_gym','@gym','@gym','@gym',2);
insert into entry(entry, name, description, nick, idLanguage) values ('sty_gp_hair_care','@hair_care','@hair_care','@hair_care',2);
insert into entry(entry, name, description, nick, idLanguage) values ('sty_gp_health','@health','@health','@health',2);
insert into entry(entry, name, description, nick, idLanguage) values ('sty_gp_hindu_temple','@hindu_temple','@hindu_temple','@hindu_temple',2);
insert into entry(entry, name, description, nick, idLanguage) values ('sty_gp_home_goods_store','@home_goods_store','@home_goods_store','@home_goods_store',2);
insert into entry(entry, name, description, nick, idLanguage) values ('sty_gp_hospital','@hospital','@hospital','@hospital',2);
insert into entry(entry, name, description, nick, idLanguage) values ('sty_gp_insurance_agency','@insurance_agency','@insurance_agency','@insurance_agency',2);
insert into entry(entry, name, description, nick, idLanguage) values ('sty_gp_jewelry_store','@jewelry_store','@jewelry_store','@jewelry_store',2);
insert into entry(entry, name, description, nick, idLanguage) values ('sty_gp_laundry','@laundry','@laundry','@laundry',2);
insert into entry(entry, name, description, nick, idLanguage) values ('sty_gp_library','@library','@library','@library',2);
insert into entry(entry, name, description, nick, idLanguage) values ('sty_gp_liquor_store','@liquor_store','@liquor_store','@liquor_store',2);
insert into entry(entry, name, description, nick, idLanguage) values ('sty_gp_lodging','@lodging','@lodging','@lodging',2);
insert into entry(entry, name, description, nick, idLanguage) values ('sty_gp_meal_delivery','@meal_delivery','@meal_delivery','@meal_delivery',2);
insert into entry(entry, name, description, nick, idLanguage) values ('sty_gp_meal_takeaway','@meal_takeaway','@meal_takeaway','@meal_takeaway',2);
insert into entry(entry, name, description, nick, idLanguage) values ('sty_gp_mosque','@mosque','@mosque','@mosque',2);
insert into entry(entry, name, description, nick, idLanguage) values ('sty_gp_movie_theater','@movie_theater','@movie_theater','@movie_theater',2);
insert into entry(entry, name, description, nick, idLanguage) values ('sty_gp_museum','@museum','@museum','@museum',2);
insert into entry(entry, name, description, nick, idLanguage) values ('sty_gp_night_club','@night_club','@night_club','@night_club',2);
insert into entry(entry, name, description, nick, idLanguage) values ('sty_gp_park','@park','@park','@park',2);
insert into entry(entry, name, description, nick, idLanguage) values ('sty_gp_parking','@parking','@parking','@parking',2);
insert into entry(entry, name, description, nick, idLanguage) values ('sty_gp_pet_store','@pet_store','@pet_store','@pet_store',2);
insert into entry(entry, name, description, nick, idLanguage) values ('sty_gp_pharmacy','@pharmacy','@pharmacy','@pharmacy',2);
insert into entry(entry, name, description, nick, idLanguage) values ('sty_gp_physiotherapist','@physiotherapist','@physiotherapist','@physiotherapist',2);
insert into entry(entry, name, description, nick, idLanguage) values ('sty_gp_place_of_worship','@place_of_worship','@place_of_worship','@place_of_worship',2);
insert into entry(entry, name, description, nick, idLanguage) values ('sty_gp_police','@police','@police','@police',2);
insert into entry(entry, name, description, nick, idLanguage) values ('sty_gp_post_office','@post_office','@post_office','@post_office',2);
insert into entry(entry, name, description, nick, idLanguage) values ('sty_gp_restaurant','@restaurant','@restaurant','@restaurant',2);
insert into entry(entry, name, description, nick, idLanguage) values ('sty_gp_rv_park','@rv_park','@rv_park','@rv_park',2);
insert into entry(entry, name, description, nick, idLanguage) values ('sty_gp_shoe_store','@shoe_store','@shoe_store','@shoe_store',2);
insert into entry(entry, name, description, nick, idLanguage) values ('sty_gp_shopping_mall','@shopping_mall','@shopping_mall','@shopping_mall',2);
insert into entry(entry, name, description, nick, idLanguage) values ('sty_gp_spa','@spa','@spa','@spa',2);
insert into entry(entry, name, description, nick, idLanguage) values ('sty_gp_stadium','@stadium','@stadium','@stadium',2);
insert into entry(entry, name, description, nick, idLanguage) values ('sty_gp_store','@store','@store','@store',2);
insert into entry(entry, name, description, nick, idLanguage) values ('sty_gp_subway_station','@subway_station','@subway_station','@subway_station',2);
insert into entry(entry, name, description, nick, idLanguage) values ('sty_gp_synagogue','@synagogue','@synagogue','@synagogue',2);
insert into entry(entry, name, description, nick, idLanguage) values ('sty_gp_taxi_stand','@taxi_stand','@taxi_stand','@taxi_stand',2);
insert into entry(entry, name, description, nick, idLanguage) values ('sty_gp_train_station','@train_station','@train_station','@train_station',2);
insert into entry(entry, name, description, nick, idLanguage) values ('sty_gp_travel_agency','@travel_agency','@travel_agency','@travel_agency',2);
insert into entry(entry, name, description, nick, idLanguage) values ('sty_gp_university','@university','@university','@university',2);
insert into entry(entry, name, description, nick, idLanguage) values ('sty_gp_zoo','@zoo','@zoo','@zoo',2);
insert into entry(entry, name, description, nick, idLanguage) values ('sty_gp_colloquial_area','@colloquial_area','@colloquial_area','@colloquial_area',2);
insert into entry(entry, name, description, nick, idLanguage) values ('sty_gp_natural_feature','@natural_feature','@natural_feature','@natural_feature',2);
insert into entry(entry, name, description, nick, idLanguage) values ('sty_gp_neighborhood','@neighborhood','@neighborhood','@neighborhood',2);
insert into entry(entry, name, description, nick, idLanguage) values ('sty_gp_route','@route','@route','@route',2);
insert into entry(entry, name, description, nick, idLanguage) values ('sty_gp_transit_station','@transit_station','@transit_station','@transit_station',2);

insert into entry(entry, name, description, nick, idLanguage) values ('sty_gp_airport','@airport','@airport','@airport',3);
insert into entry(entry, name, description, nick, idLanguage) values ('sty_gp_amusement_park','@amusement_park','@amusement_park','@amusement_park',3);
insert into entry(entry, name, description, nick, idLanguage) values ('sty_gp_aquarium','@aquarium','@aquarium','@aquarium',3);
insert into entry(entry, name, description, nick, idLanguage) values ('sty_gp_art_gallery','@art_gallery','@art_gallery','@art_gallery',3);
insert into entry(entry, name, description, nick, idLanguage) values ('sty_gp_atm','@atm','@atm','@atm',3);
insert into entry(entry, name, description, nick, idLanguage) values ('sty_gp_bakery','@bakery','@bakery','@bakery',3);
insert into entry(entry, name, description, nick, idLanguage) values ('sty_gp_bank','@bank','@bank','@bank',3);
insert into entry(entry, name, description, nick, idLanguage) values ('sty_gp_bar','@bar','@bar','@bar',3);
insert into entry(entry, name, description, nick, idLanguage) values ('sty_gp_beauty_salon','@beauty_salon','@beauty_salon','@beauty_salon',3);
insert into entry(entry, name, description, nick, idLanguage) values ('sty_gp_bicycle_store','@bicycle_store','@bicycle_store','@bicycle_store',3);
insert into entry(entry, name, description, nick, idLanguage) values ('sty_gp_book_store','@book_store','@book_store','@book_store',3);
insert into entry(entry, name, description, nick, idLanguage) values ('sty_gp_bowling_alley','@bowling_alley','@bowling_alley','@bowling_alley',3);
insert into entry(entry, name, description, nick, idLanguage) values ('sty_gp_bus_station','@bus_station','@bus_station','@bus_station',3);
insert into entry(entry, name, description, nick, idLanguage) values ('sty_gp_cafe','@cafe','@cafe','@cafe',3);
insert into entry(entry, name, description, nick, idLanguage) values ('sty_gp_campground','@campground','@campground','@campground',3);
insert into entry(entry, name, description, nick, idLanguage) values ('sty_gp_car_rental','@car_rental','@car_rental','@car_rental',3);
insert into entry(entry, name, description, nick, idLanguage) values ('sty_gp_cemetery','@cemetery','@cemetery','@cemetery',3);
insert into entry(entry, name, description, nick, idLanguage) values ('sty_gp_church','@church','@church','@church',3);
insert into entry(entry, name, description, nick, idLanguage) values ('sty_gp_city_hall','@city_hall','@city_hall','@city_hall',3);
insert into entry(entry, name, description, nick, idLanguage) values ('sty_gp_clothing_store','@clothing_store','@clothing_store','@clothing_store',3);
insert into entry(entry, name, description, nick, idLanguage) values ('sty_gp_convenience_store','@convenience_store','@convenience_store','@convenience_store',3);
insert into entry(entry, name, description, nick, idLanguage) values ('sty_gp_courthouse','@courthouse','@courthouse','@courthouse',3);
insert into entry(entry, name, description, nick, idLanguage) values ('sty_gp_dentist','@dentist','@dentist','@dentist',3);
insert into entry(entry, name, description, nick, idLanguage) values ('sty_gp_department_store','@department_store','@department_store','@department_store',3);
insert into entry(entry, name, description, nick, idLanguage) values ('sty_gp_doctor','@doctor','@doctor','@doctor',3);
insert into entry(entry, name, description, nick, idLanguage) values ('sty_gp_electronics_store','@electronics_store','@electronics_store','@electronics_store',3);
insert into entry(entry, name, description, nick, idLanguage) values ('sty_gp_embassy','@embassy','@embassy','@embassy',3);
insert into entry(entry, name, description, nick, idLanguage) values ('sty_gp_fire_station','@fire_station','@fire_station','@fire_station',3);
insert into entry(entry, name, description, nick, idLanguage) values ('sty_gp_florist','@florist','@florist','@florist',3);
insert into entry(entry, name, description, nick, idLanguage) values ('sty_gp_food','@food','@food','@food',3);
insert into entry(entry, name, description, nick, idLanguage) values ('sty_gp_furniture_store','@furniture_store','@furniture_store','@furniture_store',3);
insert into entry(entry, name, description, nick, idLanguage) values ('sty_gp_gas_station','@gas_station','@gas_station','@gas_station',3);
insert into entry(entry, name, description, nick, idLanguage) values ('sty_gp_grocery_or_supermarket','@grocery_or_supermarket','@grocery_or_supermarket','@grocery_or_supermarket',3);
insert into entry(entry, name, description, nick, idLanguage) values ('sty_gp_gym','@gym','@gym','@gym',3);
insert into entry(entry, name, description, nick, idLanguage) values ('sty_gp_hair_care','@hair_care','@hair_care','@hair_care',3);
insert into entry(entry, name, description, nick, idLanguage) values ('sty_gp_health','@health','@health','@health',3);
insert into entry(entry, name, description, nick, idLanguage) values ('sty_gp_hindu_temple','@hindu_temple','@hindu_temple','@hindu_temple',3);
insert into entry(entry, name, description, nick, idLanguage) values ('sty_gp_home_goods_store','@home_goods_store','@home_goods_store','@home_goods_store',3);
insert into entry(entry, name, description, nick, idLanguage) values ('sty_gp_hospital','@hospital','@hospital','@hospital',3);
insert into entry(entry, name, description, nick, idLanguage) values ('sty_gp_insurance_agency','@insurance_agency','@insurance_agency','@insurance_agency',3);
insert into entry(entry, name, description, nick, idLanguage) values ('sty_gp_jewelry_store','@jewelry_store','@jewelry_store','@jewelry_store',3);
insert into entry(entry, name, description, nick, idLanguage) values ('sty_gp_laundry','@laundry','@laundry','@laundry',3);
insert into entry(entry, name, description, nick, idLanguage) values ('sty_gp_library','@library','@library','@library',3);
insert into entry(entry, name, description, nick, idLanguage) values ('sty_gp_liquor_store','@liquor_store','@liquor_store','@liquor_store',3);
insert into entry(entry, name, description, nick, idLanguage) values ('sty_gp_lodging','@lodging','@lodging','@lodging',3);
insert into entry(entry, name, description, nick, idLanguage) values ('sty_gp_meal_delivery','@meal_delivery','@meal_delivery','@meal_delivery',3);
insert into entry(entry, name, description, nick, idLanguage) values ('sty_gp_meal_takeaway','@meal_takeaway','@meal_takeaway','@meal_takeaway',3);
insert into entry(entry, name, description, nick, idLanguage) values ('sty_gp_mosque','@mosque','@mosque','@mosque',3);
insert into entry(entry, name, description, nick, idLanguage) values ('sty_gp_movie_theater','@movie_theater','@movie_theater','@movie_theater',3);
insert into entry(entry, name, description, nick, idLanguage) values ('sty_gp_museum','@museum','@museum','@museum',3);
insert into entry(entry, name, description, nick, idLanguage) values ('sty_gp_night_club','@night_club','@night_club','@night_club',3);
insert into entry(entry, name, description, nick, idLanguage) values ('sty_gp_park','@park','@park','@park',3);
insert into entry(entry, name, description, nick, idLanguage) values ('sty_gp_parking','@parking','@parking','@parking',3);
insert into entry(entry, name, description, nick, idLanguage) values ('sty_gp_pet_store','@pet_store','@pet_store','@pet_store',3);
insert into entry(entry, name, description, nick, idLanguage) values ('sty_gp_pharmacy','@pharmacy','@pharmacy','@pharmacy',3);
insert into entry(entry, name, description, nick, idLanguage) values ('sty_gp_physiotherapist','@physiotherapist','@physiotherapist','@physiotherapist',3);
insert into entry(entry, name, description, nick, idLanguage) values ('sty_gp_place_of_worship','@place_of_worship','@place_of_worship','@place_of_worship',3);
insert into entry(entry, name, description, nick, idLanguage) values ('sty_gp_police','@police','@police','@police',3);
insert into entry(entry, name, description, nick, idLanguage) values ('sty_gp_post_office','@post_office','@post_office','@post_office',3);
insert into entry(entry, name, description, nick, idLanguage) values ('sty_gp_restaurant','@restaurant','@restaurant','@restaurant',3);
insert into entry(entry, name, description, nick, idLanguage) values ('sty_gp_rv_park','@rv_park','@rv_park','@rv_park',3);
insert into entry(entry, name, description, nick, idLanguage) values ('sty_gp_shoe_store','@shoe_store','@shoe_store','@shoe_store',3);
insert into entry(entry, name, description, nick, idLanguage) values ('sty_gp_shopping_mall','@shopping_mall','@shopping_mall','@shopping_mall',3);
insert into entry(entry, name, description, nick, idLanguage) values ('sty_gp_spa','@spa','@spa','@spa',3);
insert into entry(entry, name, description, nick, idLanguage) values ('sty_gp_stadium','@stadium','@stadium','@stadium',3);
insert into entry(entry, name, description, nick, idLanguage) values ('sty_gp_store','@store','@store','@store',3);
insert into entry(entry, name, description, nick, idLanguage) values ('sty_gp_subway_station','@subway_station','@subway_station','@subway_station',3);
insert into entry(entry, name, description, nick, idLanguage) values ('sty_gp_synagogue','@synagogue','@synagogue','@synagogue',3);
insert into entry(entry, name, description, nick, idLanguage) values ('sty_gp_taxi_stand','@taxi_stand','@taxi_stand','@taxi_stand',3);
insert into entry(entry, name, description, nick, idLanguage) values ('sty_gp_train_station','@train_station','@train_station','@train_station',3);
insert into entry(entry, name, description, nick, idLanguage) values ('sty_gp_travel_agency','@travel_agency','@travel_agency','@travel_agency',3);
insert into entry(entry, name, description, nick, idLanguage) values ('sty_gp_university','@university','@university','@university',3);
insert into entry(entry, name, description, nick, idLanguage) values ('sty_gp_zoo','@zoo','@zoo','@zoo',3);
insert into entry(entry, name, description, nick, idLanguage) values ('sty_gp_colloquial_area','@colloquial_area','@colloquial_area','@colloquial_area',3);
insert into entry(entry, name, description, nick, idLanguage) values ('sty_gp_natural_feature','@natural_feature','@natural_feature','@natural_feature',3);
insert into entry(entry, name, description, nick, idLanguage) values ('sty_gp_neighborhood','@neighborhood','@neighborhood','@neighborhood',3);
insert into entry(entry, name, description, nick, idLanguage) values ('sty_gp_route','@route','@route','@route',3);
insert into entry(entry, name, description, nick, idLanguage) values ('sty_gp_transit_station','@transit_station','@transit_station','@transit_station',3);

insert into entry(entry, name, description, nick, idLanguage) values ('sty_gp_airport','@airport','@airport','@airport',4);
insert into entry(entry, name, description, nick, idLanguage) values ('sty_gp_amusement_park','@amusement_park','@amusement_park','@amusement_park',4);
insert into entry(entry, name, description, nick, idLanguage) values ('sty_gp_aquarium','@aquarium','@aquarium','@aquarium',4);
insert into entry(entry, name, description, nick, idLanguage) values ('sty_gp_art_gallery','@art_gallery','@art_gallery','@art_gallery',4);
insert into entry(entry, name, description, nick, idLanguage) values ('sty_gp_atm','@atm','@atm','@atm',4);
insert into entry(entry, name, description, nick, idLanguage) values ('sty_gp_bakery','@bakery','@bakery','@bakery',4);
insert into entry(entry, name, description, nick, idLanguage) values ('sty_gp_bank','@bank','@bank','@bank',4);
insert into entry(entry, name, description, nick, idLanguage) values ('sty_gp_bar','@bar','@bar','@bar',4);
insert into entry(entry, name, description, nick, idLanguage) values ('sty_gp_beauty_salon','@beauty_salon','@beauty_salon','@beauty_salon',4);
insert into entry(entry, name, description, nick, idLanguage) values ('sty_gp_bicycle_store','@bicycle_store','@bicycle_store','@bicycle_store',4);
insert into entry(entry, name, description, nick, idLanguage) values ('sty_gp_book_store','@book_store','@book_store','@book_store',4);
insert into entry(entry, name, description, nick, idLanguage) values ('sty_gp_bowling_alley','@bowling_alley','@bowling_alley','@bowling_alley',4);
insert into entry(entry, name, description, nick, idLanguage) values ('sty_gp_bus_station','@bus_station','@bus_station','@bus_station',4);
insert into entry(entry, name, description, nick, idLanguage) values ('sty_gp_cafe','@cafe','@cafe','@cafe',4);
insert into entry(entry, name, description, nick, idLanguage) values ('sty_gp_campground','@campground','@campground','@campground',4);
insert into entry(entry, name, description, nick, idLanguage) values ('sty_gp_car_rental','@car_rental','@car_rental','@car_rental',4);
insert into entry(entry, name, description, nick, idLanguage) values ('sty_gp_cemetery','@cemetery','@cemetery','@cemetery',4);
insert into entry(entry, name, description, nick, idLanguage) values ('sty_gp_church','@church','@church','@church',4);
insert into entry(entry, name, description, nick, idLanguage) values ('sty_gp_city_hall','@city_hall','@city_hall','@city_hall',4);
insert into entry(entry, name, description, nick, idLanguage) values ('sty_gp_clothing_store','@clothing_store','@clothing_store','@clothing_store',4);
insert into entry(entry, name, description, nick, idLanguage) values ('sty_gp_convenience_store','@convenience_store','@convenience_store','@convenience_store',4);
insert into entry(entry, name, description, nick, idLanguage) values ('sty_gp_courthouse','@courthouse','@courthouse','@courthouse',4);
insert into entry(entry, name, description, nick, idLanguage) values ('sty_gp_dentist','@dentist','@dentist','@dentist',4);
insert into entry(entry, name, description, nick, idLanguage) values ('sty_gp_department_store','@department_store','@department_store','@department_store',4);
insert into entry(entry, name, description, nick, idLanguage) values ('sty_gp_doctor','@doctor','@doctor','@doctor',4);
insert into entry(entry, name, description, nick, idLanguage) values ('sty_gp_electronics_store','@electronics_store','@electronics_store','@electronics_store',4);
insert into entry(entry, name, description, nick, idLanguage) values ('sty_gp_embassy','@embassy','@embassy','@embassy',4);
insert into entry(entry, name, description, nick, idLanguage) values ('sty_gp_fire_station','@fire_station','@fire_station','@fire_station',4);
insert into entry(entry, name, description, nick, idLanguage) values ('sty_gp_florist','@florist','@florist','@florist',4);
insert into entry(entry, name, description, nick, idLanguage) values ('sty_gp_food','@food','@food','@food',4);
insert into entry(entry, name, description, nick, idLanguage) values ('sty_gp_furniture_store','@furniture_store','@furniture_store','@furniture_store',4);
insert into entry(entry, name, description, nick, idLanguage) values ('sty_gp_gas_station','@gas_station','@gas_station','@gas_station',4);
insert into entry(entry, name, description, nick, idLanguage) values ('sty_gp_grocery_or_supermarket','@grocery_or_supermarket','@grocery_or_supermarket','@grocery_or_supermarket',4);
insert into entry(entry, name, description, nick, idLanguage) values ('sty_gp_gym','@gym','@gym','@gym',4);
insert into entry(entry, name, description, nick, idLanguage) values ('sty_gp_hair_care','@hair_care','@hair_care','@hair_care',4);
insert into entry(entry, name, description, nick, idLanguage) values ('sty_gp_health','@health','@health','@health',4);
insert into entry(entry, name, description, nick, idLanguage) values ('sty_gp_hindu_temple','@hindu_temple','@hindu_temple','@hindu_temple',4);
insert into entry(entry, name, description, nick, idLanguage) values ('sty_gp_home_goods_store','@home_goods_store','@home_goods_store','@home_goods_store',4);
insert into entry(entry, name, description, nick, idLanguage) values ('sty_gp_hospital','@hospital','@hospital','@hospital',4);
insert into entry(entry, name, description, nick, idLanguage) values ('sty_gp_insurance_agency','@insurance_agency','@insurance_agency','@insurance_agency',4);
insert into entry(entry, name, description, nick, idLanguage) values ('sty_gp_jewelry_store','@jewelry_store','@jewelry_store','@jewelry_store',4);
insert into entry(entry, name, description, nick, idLanguage) values ('sty_gp_laundry','@laundry','@laundry','@laundry',4);
insert into entry(entry, name, description, nick, idLanguage) values ('sty_gp_library','@library','@library','@library',4);
insert into entry(entry, name, description, nick, idLanguage) values ('sty_gp_liquor_store','@liquor_store','@liquor_store','@liquor_store',4);
insert into entry(entry, name, description, nick, idLanguage) values ('sty_gp_lodging','@lodging','@lodging','@lodging',4);
insert into entry(entry, name, description, nick, idLanguage) values ('sty_gp_meal_delivery','@meal_delivery','@meal_delivery','@meal_delivery',4);
insert into entry(entry, name, description, nick, idLanguage) values ('sty_gp_meal_takeaway','@meal_takeaway','@meal_takeaway','@meal_takeaway',4);
insert into entry(entry, name, description, nick, idLanguage) values ('sty_gp_mosque','@mosque','@mosque','@mosque',4);
insert into entry(entry, name, description, nick, idLanguage) values ('sty_gp_movie_theater','@movie_theater','@movie_theater','@movie_theater',4);
insert into entry(entry, name, description, nick, idLanguage) values ('sty_gp_museum','@museum','@museum','@museum',4);
insert into entry(entry, name, description, nick, idLanguage) values ('sty_gp_night_club','@night_club','@night_club','@night_club',4);
insert into entry(entry, name, description, nick, idLanguage) values ('sty_gp_park','@park','@park','@park',4);
insert into entry(entry, name, description, nick, idLanguage) values ('sty_gp_parking','@parking','@parking','@parking',4);
insert into entry(entry, name, description, nick, idLanguage) values ('sty_gp_pet_store','@pet_store','@pet_store','@pet_store',4);
insert into entry(entry, name, description, nick, idLanguage) values ('sty_gp_pharmacy','@pharmacy','@pharmacy','@pharmacy',4);
insert into entry(entry, name, description, nick, idLanguage) values ('sty_gp_physiotherapist','@physiotherapist','@physiotherapist','@physiotherapist',4);
insert into entry(entry, name, description, nick, idLanguage) values ('sty_gp_place_of_worship','@place_of_worship','@place_of_worship','@place_of_worship',4);
insert into entry(entry, name, description, nick, idLanguage) values ('sty_gp_police','@police','@police','@police',4);
insert into entry(entry, name, description, nick, idLanguage) values ('sty_gp_post_office','@post_office','@post_office','@post_office',4);
insert into entry(entry, name, description, nick, idLanguage) values ('sty_gp_restaurant','@restaurant','@restaurant','@restaurant',4);
insert into entry(entry, name, description, nick, idLanguage) values ('sty_gp_rv_park','@rv_park','@rv_park','@rv_park',4);
insert into entry(entry, name, description, nick, idLanguage) values ('sty_gp_shoe_store','@shoe_store','@shoe_store','@shoe_store',4);
insert into entry(entry, name, description, nick, idLanguage) values ('sty_gp_shopping_mall','@shopping_mall','@shopping_mall','@shopping_mall',4);
insert into entry(entry, name, description, nick, idLanguage) values ('sty_gp_spa','@spa','@spa','@spa',4);
insert into entry(entry, name, description, nick, idLanguage) values ('sty_gp_stadium','@stadium','@stadium','@stadium',4);
insert into entry(entry, name, description, nick, idLanguage) values ('sty_gp_store','@store','@store','@store',4);
insert into entry(entry, name, description, nick, idLanguage) values ('sty_gp_subway_station','@subway_station','@subway_station','@subway_station',4);
insert into entry(entry, name, description, nick, idLanguage) values ('sty_gp_synagogue','@synagogue','@synagogue','@synagogue',4);
insert into entry(entry, name, description, nick, idLanguage) values ('sty_gp_taxi_stand','@taxi_stand','@taxi_stand','@taxi_stand',4);
insert into entry(entry, name, description, nick, idLanguage) values ('sty_gp_train_station','@train_station','@train_station','@train_station',4);
insert into entry(entry, name, description, nick, idLanguage) values ('sty_gp_travel_agency','@travel_agency','@travel_agency','@travel_agency',4);
insert into entry(entry, name, description, nick, idLanguage) values ('sty_gp_university','@university','@university','@university',4);
insert into entry(entry, name, description, nick, idLanguage) values ('sty_gp_zoo','@zoo','@zoo','@zoo',4);
insert into entry(entry, name, description, nick, idLanguage) values ('sty_gp_colloquial_area','@colloquial_area','@colloquial_area','@colloquial_area',4);
insert into entry(entry, name, description, nick, idLanguage) values ('sty_gp_natural_feature','@natural_feature','@natural_feature','@natural_feature',4);
insert into entry(entry, name, description, nick, idLanguage) values ('sty_gp_neighborhood','@neighborhood','@neighborhood','@neighborhood',4);
insert into entry(entry, name, description, nick, idLanguage) values ('sty_gp_route','@route','@route','@route',4);
insert into entry(entry, name, description, nick, idLanguage) values ('sty_gp_transit_station','@transit_station','@transit_station','@transit_station',4);

insert into SemanticType(entry, idEntity, idDomain) values ('sty_gp_airport',(select idEntity from entity where alias='sty_gp_airport'),6);
insert into SemanticType(entry, idEntity, idDomain) values ('sty_gp_amusement_park',(select idEntity from entity where alias='sty_gp_amusement_park'),6);
insert into SemanticType(entry, idEntity, idDomain) values ('sty_gp_aquarium',(select idEntity from entity where alias='sty_gp_aquarium'),6);
insert into SemanticType(entry, idEntity, idDomain) values ('sty_gp_art_gallery',(select idEntity from entity where alias='sty_gp_art_gallery'),6);
insert into SemanticType(entry, idEntity, idDomain) values ('sty_gp_atm',(select idEntity from entity where alias='sty_gp_atm'),6);
insert into SemanticType(entry, idEntity, idDomain) values ('sty_gp_bakery',(select idEntity from entity where alias='sty_gp_bakery'),6);
insert into SemanticType(entry, idEntity, idDomain) values ('sty_gp_bank',(select idEntity from entity where alias='sty_gp_bank'),6);
insert into SemanticType(entry, idEntity, idDomain) values ('sty_gp_bar',(select idEntity from entity where alias='sty_gp_bar'),6);
insert into SemanticType(entry, idEntity, idDomain) values ('sty_gp_beauty_salon',(select idEntity from entity where alias='sty_gp_beauty_salon'),6);
insert into SemanticType(entry, idEntity, idDomain) values ('sty_gp_bicycle_store',(select idEntity from entity where alias='sty_gp_bicycle_store'),6);
insert into SemanticType(entry, idEntity, idDomain) values ('sty_gp_book_store',(select idEntity from entity where alias='sty_gp_book_store'),6);
insert into SemanticType(entry, idEntity, idDomain) values ('sty_gp_bowling_alley',(select idEntity from entity where alias='sty_gp_bowling_alley'),6);
insert into SemanticType(entry, idEntity, idDomain) values ('sty_gp_bus_station',(select idEntity from entity where alias='sty_gp_bus_station'),6);
insert into SemanticType(entry, idEntity, idDomain) values ('sty_gp_cafe',(select idEntity from entity where alias='sty_gp_cafe'),6);
insert into SemanticType(entry, idEntity, idDomain) values ('sty_gp_campground',(select idEntity from entity where alias='sty_gp_campground'),6);
insert into SemanticType(entry, idEntity, idDomain) values ('sty_gp_car_rental',(select idEntity from entity where alias='sty_gp_car_rental'),6);
insert into SemanticType(entry, idEntity, idDomain) values ('sty_gp_cemetery',(select idEntity from entity where alias='sty_gp_cemetery'),6);
insert into SemanticType(entry, idEntity, idDomain) values ('sty_gp_church',(select idEntity from entity where alias='sty_gp_church'),6);
insert into SemanticType(entry, idEntity, idDomain) values ('sty_gp_city_hall',(select idEntity from entity where alias='sty_gp_city_hall'),6);
insert into SemanticType(entry, idEntity, idDomain) values ('sty_gp_clothing_store',(select idEntity from entity where alias='sty_gp_clothing_store'),6);
insert into SemanticType(entry, idEntity, idDomain) values ('sty_gp_convenience_store',(select idEntity from entity where alias='sty_gp_convenience_store'),6);
insert into SemanticType(entry, idEntity, idDomain) values ('sty_gp_courthouse',(select idEntity from entity where alias='sty_gp_courthouse'),6);
insert into SemanticType(entry, idEntity, idDomain) values ('sty_gp_dentist',(select idEntity from entity where alias='sty_gp_dentist'),6);
insert into SemanticType(entry, idEntity, idDomain) values ('sty_gp_department_store',(select idEntity from entity where alias='sty_gp_department_store'),6);
insert into SemanticType(entry, idEntity, idDomain) values ('sty_gp_doctor',(select idEntity from entity where alias='sty_gp_doctor'),6);
insert into SemanticType(entry, idEntity, idDomain) values ('sty_gp_electronics_store',(select idEntity from entity where alias='sty_gp_electronics_store'),6);
insert into SemanticType(entry, idEntity, idDomain) values ('sty_gp_embassy',(select idEntity from entity where alias='sty_gp_embassy'),6);
insert into SemanticType(entry, idEntity, idDomain) values ('sty_gp_fire_station',(select idEntity from entity where alias='sty_gp_fire_station'),6);
insert into SemanticType(entry, idEntity, idDomain) values ('sty_gp_florist',(select idEntity from entity where alias='sty_gp_florist'),6);
insert into SemanticType(entry, idEntity, idDomain) values ('sty_gp_food',(select idEntity from entity where alias='sty_gp_food'),6);
insert into SemanticType(entry, idEntity, idDomain) values ('sty_gp_furniture_store',(select idEntity from entity where alias='sty_gp_furniture_store'),6);
insert into SemanticType(entry, idEntity, idDomain) values ('sty_gp_gas_station',(select idEntity from entity where alias='sty_gp_gas_station'),6);
insert into SemanticType(entry, idEntity, idDomain) values ('sty_gp_grocery_or_supermarket',(select idEntity from entity where alias='sty_gp_grocery_or_supermarket'),6);
insert into SemanticType(entry, idEntity, idDomain) values ('sty_gp_gym',(select idEntity from entity where alias='sty_gp_gym'),6);
insert into SemanticType(entry, idEntity, idDomain) values ('sty_gp_hair_care',(select idEntity from entity where alias='sty_gp_hair_care'),6);
insert into SemanticType(entry, idEntity, idDomain) values ('sty_gp_health',(select idEntity from entity where alias='sty_gp_health'),6);
insert into SemanticType(entry, idEntity, idDomain) values ('sty_gp_hindu_temple',(select idEntity from entity where alias='sty_gp_hindu_temple'),6);
insert into SemanticType(entry, idEntity, idDomain) values ('sty_gp_home_goods_store',(select idEntity from entity where alias='sty_gp_home_goods_store'),6);
insert into SemanticType(entry, idEntity, idDomain) values ('sty_gp_hospital',(select idEntity from entity where alias='sty_gp_hospital'),6);
insert into SemanticType(entry, idEntity, idDomain) values ('sty_gp_insurance_agency',(select idEntity from entity where alias='sty_gp_insurance_agency'),6);
insert into SemanticType(entry, idEntity, idDomain) values ('sty_gp_jewelry_store',(select idEntity from entity where alias='sty_gp_jewelry_store'),6);
insert into SemanticType(entry, idEntity, idDomain) values ('sty_gp_laundry',(select idEntity from entity where alias='sty_gp_laundry'),6);
insert into SemanticType(entry, idEntity, idDomain) values ('sty_gp_library',(select idEntity from entity where alias='sty_gp_library'),6);
insert into SemanticType(entry, idEntity, idDomain) values ('sty_gp_liquor_store',(select idEntity from entity where alias='sty_gp_liquor_store'),6);
insert into SemanticType(entry, idEntity, idDomain) values ('sty_gp_lodging',(select idEntity from entity where alias='sty_gp_lodging'),6);
insert into SemanticType(entry, idEntity, idDomain) values ('sty_gp_meal_delivery',(select idEntity from entity where alias='sty_gp_meal_delivery'),6);
insert into SemanticType(entry, idEntity, idDomain) values ('sty_gp_meal_takeaway',(select idEntity from entity where alias='sty_gp_meal_takeaway'),6);
insert into SemanticType(entry, idEntity, idDomain) values ('sty_gp_mosque',(select idEntity from entity where alias='sty_gp_mosque'),6);
insert into SemanticType(entry, idEntity, idDomain) values ('sty_gp_movie_theater',(select idEntity from entity where alias='sty_gp_movie_theater'),6);
insert into SemanticType(entry, idEntity, idDomain) values ('sty_gp_museum',(select idEntity from entity where alias='sty_gp_museum'),6);
insert into SemanticType(entry, idEntity, idDomain) values ('sty_gp_night_club',(select idEntity from entity where alias='sty_gp_night_club'),6);
insert into SemanticType(entry, idEntity, idDomain) values ('sty_gp_park',(select idEntity from entity where alias='sty_gp_park'),6);
insert into SemanticType(entry, idEntity, idDomain) values ('sty_gp_parking',(select idEntity from entity where alias='sty_gp_parking'),6);
insert into SemanticType(entry, idEntity, idDomain) values ('sty_gp_pet_store',(select idEntity from entity where alias='sty_gp_pet_store'),6);
insert into SemanticType(entry, idEntity, idDomain) values ('sty_gp_pharmacy',(select idEntity from entity where alias='sty_gp_pharmacy'),6);
insert into SemanticType(entry, idEntity, idDomain) values ('sty_gp_physiotherapist',(select idEntity from entity where alias='sty_gp_physiotherapist'),6);
insert into SemanticType(entry, idEntity, idDomain) values ('sty_gp_place_of_worship',(select idEntity from entity where alias='sty_gp_place_of_worship'),6);
insert into SemanticType(entry, idEntity, idDomain) values ('sty_gp_police',(select idEntity from entity where alias='sty_gp_police'),6);
insert into SemanticType(entry, idEntity, idDomain) values ('sty_gp_post_office',(select idEntity from entity where alias='sty_gp_post_office'),6);
insert into SemanticType(entry, idEntity, idDomain) values ('sty_gp_restaurant',(select idEntity from entity where alias='sty_gp_restaurant'),6);
insert into SemanticType(entry, idEntity, idDomain) values ('sty_gp_rv_park',(select idEntity from entity where alias='sty_gp_rv_park'),6);
insert into SemanticType(entry, idEntity, idDomain) values ('sty_gp_shoe_store',(select idEntity from entity where alias='sty_gp_shoe_store'),6);
insert into SemanticType(entry, idEntity, idDomain) values ('sty_gp_shopping_mall',(select idEntity from entity where alias='sty_gp_shopping_mall'),6);
insert into SemanticType(entry, idEntity, idDomain) values ('sty_gp_spa',(select idEntity from entity where alias='sty_gp_spa'),6);
insert into SemanticType(entry, idEntity, idDomain) values ('sty_gp_stadium',(select idEntity from entity where alias='sty_gp_stadium'),6);
insert into SemanticType(entry, idEntity, idDomain) values ('sty_gp_store',(select idEntity from entity where alias='sty_gp_store'),6);
insert into SemanticType(entry, idEntity, idDomain) values ('sty_gp_subway_station',(select idEntity from entity where alias='sty_gp_subway_station'),6);
insert into SemanticType(entry, idEntity, idDomain) values ('sty_gp_synagogue',(select idEntity from entity where alias='sty_gp_synagogue'),6);
insert into SemanticType(entry, idEntity, idDomain) values ('sty_gp_taxi_stand',(select idEntity from entity where alias='sty_gp_taxi_stand'),6);
insert into SemanticType(entry, idEntity, idDomain) values ('sty_gp_train_station',(select idEntity from entity where alias='sty_gp_train_station'),6);
insert into SemanticType(entry, idEntity, idDomain) values ('sty_gp_travel_agency',(select idEntity from entity where alias='sty_gp_travel_agency'),6);
insert into SemanticType(entry, idEntity, idDomain) values ('sty_gp_university',(select idEntity from entity where alias='sty_gp_university'),6);
insert into SemanticType(entry, idEntity, idDomain) values ('sty_gp_zoo',(select idEntity from entity where alias='sty_gp_zoo'),6);
insert into SemanticType(entry, idEntity, idDomain) values ('sty_gp_colloquial_area',(select idEntity from entity where alias='sty_gp_colloquial_area'),6);
insert into SemanticType(entry, idEntity, idDomain) values ('sty_gp_natural_feature',(select idEntity from entity where alias='sty_gp_natural_feature'),6);
insert into SemanticType(entry, idEntity, idDomain) values ('sty_gp_neighborhood',(select idEntity from entity where alias='sty_gp_neighborhood'),6);
insert into SemanticType(entry, idEntity, idDomain) values ('sty_gp_route',(select idEntity from entity where alias='sty_gp_route'),6);
insert into SemanticType(entry, idEntity, idDomain) values ('sty_gp_transit_station',(select idEntity from entity where alias='sty_gp_transit_station'),6);
