--
-- inclusão das venues como tipos ontológicos
--

sty_vn_aq_deodoro
sty_vn_aquatico
sty_vn_arenaolimpica
sty_vn_bmx
sty_vn_carioca1
sty_vn_carioca2
sty_vn_carioca3
sty_vn_est_deodoro
sty_vn_est_olimpico
sty_vn_forte
sty_vn_futuro
sty_vn_gloria
sty_vn_golfe
sty_vn_hipismo
sty_vn_hoquei
sty_vn_juventude
sty_vn_lagoa
sty_vn_maracana
sty_vn_maracanazinho
sty_vn_marialenk
sty_vn_mountainbike
sty_vn_pontal
sty_vn_riocentro
sty_vn_sambodromo
sty_vn_slalom
sty_vn_tenis
sty_vn_tiro
sty_vn_velodromo
sty_vn_voleipraia


insert into entity (alias, type, timeline, idOld) values ('sty_vn_aq_deodoro','ST', null, 0);
insert into entity (alias, type, timeline, idOld) values ('sty_vn_aquatico','ST', null, 0);
insert into entity (alias, type, timeline, idOld) values ('sty_vn_arenaolimpica','ST', null, 0);
insert into entity (alias, type, timeline, idOld) values ('sty_vn_bmx','ST', null, 0);
insert into entity (alias, type, timeline, idOld) values ('sty_vn_carioca1','ST', null, 0);
insert into entity (alias, type, timeline, idOld) values ('sty_vn_carioca2','ST', null, 0);
insert into entity (alias, type, timeline, idOld) values ('sty_vn_carioca3','ST', null, 0);
insert into entity (alias, type, timeline, idOld) values ('sty_vn_est_deodoro','ST', null, 0);
insert into entity (alias, type, timeline, idOld) values ('sty_vn_est_olimpico','ST', null, 0);
insert into entity (alias, type, timeline, idOld) values ('sty_vn_forte','ST', null, 0);
insert into entity (alias, type, timeline, idOld) values ('sty_vn_futuro','ST', null, 0);
insert into entity (alias, type, timeline, idOld) values ('sty_vn_gloria','ST', null, 0);
insert into entity (alias, type, timeline, idOld) values ('sty_vn_golfe','ST', null, 0);
insert into entity (alias, type, timeline, idOld) values ('sty_vn_hipismo','ST', null, 0);
insert into entity (alias, type, timeline, idOld) values ('sty_vn_hoquei','ST', null, 0);
insert into entity (alias, type, timeline, idOld) values ('sty_vn_juventude','ST', null, 0);
insert into entity (alias, type, timeline, idOld) values ('sty_vn_lagoa','ST', null, 0);
insert into entity (alias, type, timeline, idOld) values ('sty_vn_maracana','ST', null, 0);
insert into entity (alias, type, timeline, idOld) values ('sty_vn_maracanazinho','ST', null, 0);
insert into entity (alias, type, timeline, idOld) values ('sty_vn_marialenk','ST', null, 0);
insert into entity (alias, type, timeline, idOld) values ('sty_vn_mountainbike','ST', null, 0);
insert into entity (alias, type, timeline, idOld) values ('sty_vn_pontal','ST', null, 0);
insert into entity (alias, type, timeline, idOld) values ('sty_vn_riocentro','ST', null, 0);
insert into entity (alias, type, timeline, idOld) values ('sty_vn_sambodromo','ST', null, 0);
insert into entity (alias, type, timeline, idOld) values ('sty_vn_slalom','ST', null, 0);
insert into entity (alias, type, timeline, idOld) values ('sty_vn_tenis','ST', null, 0);
insert into entity (alias, type, timeline, idOld) values ('sty_vn_tiro','ST', null, 0);
insert into entity (alias, type, timeline, idOld) values ('sty_vn_velodromo','ST', null, 0);
insert into entity (alias, type, timeline, idOld) values ('sty_vn_voleipraia','ST', null, 0);



insert into entry(entry, name, description, nick, idLanguage) values ('sty_vn_aq_deodoro','@aq_deodoro','@aq_deodoro','@aq_deodoro',1);
insert into entry(entry, name, description, nick, idLanguage) values ('sty_vn_aquatico','@aquatico','@aquatico','@aquatico',1);
insert into entry(entry, name, description, nick, idLanguage) values ('sty_vn_arenaolimpica','@arenaolimpica','@arenaolimpica','@arenaolimpica',1);
insert into entry(entry, name, description, nick, idLanguage) values ('sty_vn_bmx','@bmx','@bmx','@bmx',1);
insert into entry(entry, name, description, nick, idLanguage) values ('sty_vn_carioca1','@carioca1','@carioca1','@carioca1',1);
insert into entry(entry, name, description, nick, idLanguage) values ('sty_vn_carioca2','@carioca2','@carioca2','@carioca2',1);
insert into entry(entry, name, description, nick, idLanguage) values ('sty_vn_carioca3','@carioca3','@carioca3','@carioca3',1);
insert into entry(entry, name, description, nick, idLanguage) values ('sty_vn_est_deodoro','@est_deodoro','@est_deodoro','@est_deodoro',1);
insert into entry(entry, name, description, nick, idLanguage) values ('sty_vn_est_olimpico','@est_olimpico','@est_olimpico','@est_olimpico',1);
insert into entry(entry, name, description, nick, idLanguage) values ('sty_vn_forte','@forte','@forte','@forte',1);
insert into entry(entry, name, description, nick, idLanguage) values ('sty_vn_futuro','@futuro','@futuro','@futuro',1);
insert into entry(entry, name, description, nick, idLanguage) values ('sty_vn_gloria','@gloria','@gloria','@gloria',1);
insert into entry(entry, name, description, nick, idLanguage) values ('sty_vn_golfe','@golfe','@golfe','@golfe',1);
insert into entry(entry, name, description, nick, idLanguage) values ('sty_vn_hipismo','@hipismo','@hipismo','@hipismo',1);
insert into entry(entry, name, description, nick, idLanguage) values ('sty_vn_hoquei','@hoquei','@hoquei','@hoquei',1);
insert into entry(entry, name, description, nick, idLanguage) values ('sty_vn_juventude','@juventude','@juventude','@juventude',1);
insert into entry(entry, name, description, nick, idLanguage) values ('sty_vn_lagoa','@lagoa','@lagoa','@lagoa',1);
insert into entry(entry, name, description, nick, idLanguage) values ('sty_vn_maracana','@maracana','@maracana','@maracana',1);
insert into entry(entry, name, description, nick, idLanguage) values ('sty_vn_maracanazinho','@maracanazinho','@maracanazinho','@maracanazinho',1);
insert into entry(entry, name, description, nick, idLanguage) values ('sty_vn_marialenk','@marialenk','@marialenk','@marialenk',1);
insert into entry(entry, name, description, nick, idLanguage) values ('sty_vn_mountainbike','@mountainbike','@mountainbike','@mountainbike',1);
insert into entry(entry, name, description, nick, idLanguage) values ('sty_vn_pontal','@pontal','@pontal','@pontal',1);
insert into entry(entry, name, description, nick, idLanguage) values ('sty_vn_riocentro','@riocentro','@riocentro','@riocentro',1);
insert into entry(entry, name, description, nick, idLanguage) values ('sty_vn_sambodromo','@sambodromo','@sambodromo','@sambodromo',1);
insert into entry(entry, name, description, nick, idLanguage) values ('sty_vn_slalom','@slalom','@slalom','@slalom',1);
insert into entry(entry, name, description, nick, idLanguage) values ('sty_vn_tenis','@tenis','@tenis','@tenis',1);
insert into entry(entry, name, description, nick, idLanguage) values ('sty_vn_tiro','@tiro','@tiro','@tiro',1);
insert into entry(entry, name, description, nick, idLanguage) values ('sty_vn_velodromo','@velodromo','@velodromo','@velodromo',1);
insert into entry(entry, name, description, nick, idLanguage) values ('sty_vn_voleipraia','@voleipraia','@voleipraia','@voleipraia',1);

insert into entry(entry, name, description, nick, idLanguage) values ('sty_vn_aq_deodoro','@aq_deodoro','@aq_deodoro','@aq_deodoro',2);
insert into entry(entry, name, description, nick, idLanguage) values ('sty_vn_aquatico','@aquatico','@aquatico','@aquatico',2);
insert into entry(entry, name, description, nick, idLanguage) values ('sty_vn_arenaolimpica','@arenaolimpica','@arenaolimpica','@arenaolimpica',2);
insert into entry(entry, name, description, nick, idLanguage) values ('sty_vn_bmx','@bmx','@bmx','@bmx',2);
insert into entry(entry, name, description, nick, idLanguage) values ('sty_vn_carioca2','@carioca2','@carioca2','@carioca2',2);
insert into entry(entry, name, description, nick, idLanguage) values ('sty_vn_carioca2','@carioca2','@carioca2','@carioca2',2);
insert into entry(entry, name, description, nick, idLanguage) values ('sty_vn_carioca3','@carioca3','@carioca3','@carioca3',2);
insert into entry(entry, name, description, nick, idLanguage) values ('sty_vn_est_deodoro','@est_deodoro','@est_deodoro','@est_deodoro',2);
insert into entry(entry, name, description, nick, idLanguage) values ('sty_vn_est_olimpico','@est_olimpico','@est_olimpico','@est_olimpico',2);
insert into entry(entry, name, description, nick, idLanguage) values ('sty_vn_forte','@forte','@forte','@forte',2);
insert into entry(entry, name, description, nick, idLanguage) values ('sty_vn_futuro','@futuro','@futuro','@futuro',2);
insert into entry(entry, name, description, nick, idLanguage) values ('sty_vn_gloria','@gloria','@gloria','@gloria',2);
insert into entry(entry, name, description, nick, idLanguage) values ('sty_vn_golfe','@golfe','@golfe','@golfe',2);
insert into entry(entry, name, description, nick, idLanguage) values ('sty_vn_hipismo','@hipismo','@hipismo','@hipismo',2);
insert into entry(entry, name, description, nick, idLanguage) values ('sty_vn_hoquei','@hoquei','@hoquei','@hoquei',2);
insert into entry(entry, name, description, nick, idLanguage) values ('sty_vn_juventude','@juventude','@juventude','@juventude',2);
insert into entry(entry, name, description, nick, idLanguage) values ('sty_vn_lagoa','@lagoa','@lagoa','@lagoa',2);
insert into entry(entry, name, description, nick, idLanguage) values ('sty_vn_maracana','@maracana','@maracana','@maracana',2);
insert into entry(entry, name, description, nick, idLanguage) values ('sty_vn_maracanazinho','@maracanazinho','@maracanazinho','@maracanazinho',2);
insert into entry(entry, name, description, nick, idLanguage) values ('sty_vn_marialenk','@marialenk','@marialenk','@marialenk',2);
insert into entry(entry, name, description, nick, idLanguage) values ('sty_vn_mountainbike','@mountainbike','@mountainbike','@mountainbike',2);
insert into entry(entry, name, description, nick, idLanguage) values ('sty_vn_pontal','@pontal','@pontal','@pontal',2);
insert into entry(entry, name, description, nick, idLanguage) values ('sty_vn_riocentro','@riocentro','@riocentro','@riocentro',2);
insert into entry(entry, name, description, nick, idLanguage) values ('sty_vn_sambodromo','@sambodromo','@sambodromo','@sambodromo',2);
insert into entry(entry, name, description, nick, idLanguage) values ('sty_vn_slalom','@slalom','@slalom','@slalom',2);
insert into entry(entry, name, description, nick, idLanguage) values ('sty_vn_tenis','@tenis','@tenis','@tenis',2);
insert into entry(entry, name, description, nick, idLanguage) values ('sty_vn_tiro','@tiro','@tiro','@tiro',2);
insert into entry(entry, name, description, nick, idLanguage) values ('sty_vn_velodromo','@velodromo','@velodromo','@velodromo',2);
insert into entry(entry, name, description, nick, idLanguage) values ('sty_vn_voleipraia','@voleipraia','@voleipraia','@voleipraia',2);

insert into entry(entry, name, description, nick, idLanguage) values ('sty_vn_aq_deodoro','@aq_deodoro','@aq_deodoro','@aq_deodoro',3);
insert into entry(entry, name, description, nick, idLanguage) values ('sty_vn_aquatico','@aquatico','@aquatico','@aquatico',3);
insert into entry(entry, name, description, nick, idLanguage) values ('sty_vn_arenaolimpica','@arenaolimpica','@arenaolimpica','@arenaolimpica',3);
insert into entry(entry, name, description, nick, idLanguage) values ('sty_vn_bmx','@bmx','@bmx','@bmx',3);
insert into entry(entry, name, description, nick, idLanguage) values ('sty_vn_carioca3','@carioca3','@carioca3','@carioca3',3);
insert into entry(entry, name, description, nick, idLanguage) values ('sty_vn_carioca3','@carioca3','@carioca3','@carioca3',3);
insert into entry(entry, name, description, nick, idLanguage) values ('sty_vn_carioca3','@carioca3','@carioca3','@carioca3',3);
insert into entry(entry, name, description, nick, idLanguage) values ('sty_vn_est_deodoro','@est_deodoro','@est_deodoro','@est_deodoro',3);
insert into entry(entry, name, description, nick, idLanguage) values ('sty_vn_est_olimpico','@est_olimpico','@est_olimpico','@est_olimpico',3);
insert into entry(entry, name, description, nick, idLanguage) values ('sty_vn_forte','@forte','@forte','@forte',3);
insert into entry(entry, name, description, nick, idLanguage) values ('sty_vn_futuro','@futuro','@futuro','@futuro',3);
insert into entry(entry, name, description, nick, idLanguage) values ('sty_vn_gloria','@gloria','@gloria','@gloria',3);
insert into entry(entry, name, description, nick, idLanguage) values ('sty_vn_golfe','@golfe','@golfe','@golfe',3);
insert into entry(entry, name, description, nick, idLanguage) values ('sty_vn_hipismo','@hipismo','@hipismo','@hipismo',3);
insert into entry(entry, name, description, nick, idLanguage) values ('sty_vn_hoquei','@hoquei','@hoquei','@hoquei',3);
insert into entry(entry, name, description, nick, idLanguage) values ('sty_vn_juventude','@juventude','@juventude','@juventude',3);
insert into entry(entry, name, description, nick, idLanguage) values ('sty_vn_lagoa','@lagoa','@lagoa','@lagoa',3);
insert into entry(entry, name, description, nick, idLanguage) values ('sty_vn_maracana','@maracana','@maracana','@maracana',3);
insert into entry(entry, name, description, nick, idLanguage) values ('sty_vn_maracanazinho','@maracanazinho','@maracanazinho','@maracanazinho',3);
insert into entry(entry, name, description, nick, idLanguage) values ('sty_vn_marialenk','@marialenk','@marialenk','@marialenk',3);
insert into entry(entry, name, description, nick, idLanguage) values ('sty_vn_mountainbike','@mountainbike','@mountainbike','@mountainbike',3);
insert into entry(entry, name, description, nick, idLanguage) values ('sty_vn_pontal','@pontal','@pontal','@pontal',3);
insert into entry(entry, name, description, nick, idLanguage) values ('sty_vn_riocentro','@riocentro','@riocentro','@riocentro',3);
insert into entry(entry, name, description, nick, idLanguage) values ('sty_vn_sambodromo','@sambodromo','@sambodromo','@sambodromo',3);
insert into entry(entry, name, description, nick, idLanguage) values ('sty_vn_slalom','@slalom','@slalom','@slalom',3);
insert into entry(entry, name, description, nick, idLanguage) values ('sty_vn_tenis','@tenis','@tenis','@tenis',3);
insert into entry(entry, name, description, nick, idLanguage) values ('sty_vn_tiro','@tiro','@tiro','@tiro',3);
insert into entry(entry, name, description, nick, idLanguage) values ('sty_vn_velodromo','@velodromo','@velodromo','@velodromo',3);
insert into entry(entry, name, description, nick, idLanguage) values ('sty_vn_voleipraia','@voleipraia','@voleipraia','@voleipraia',3);

insert into entry(entry, name, description, nick, idLanguage) values ('sty_vn_aq_deodoro','@aq_deodoro','@aq_deodoro','@aq_deodoro',4);
insert into entry(entry, name, description, nick, idLanguage) values ('sty_vn_aquatico','@aquatico','@aquatico','@aquatico',4);
insert into entry(entry, name, description, nick, idLanguage) values ('sty_vn_arenaolimpica','@arenaolimpica','@arenaolimpica','@arenaolimpica',4);
insert into entry(entry, name, description, nick, idLanguage) values ('sty_vn_bmx','@bmx','@bmx','@bmx',4);
insert into entry(entry, name, description, nick, idLanguage) values ('sty_vn_carioca4','@carioca4','@carioca4','@carioca4',4);
insert into entry(entry, name, description, nick, idLanguage) values ('sty_vn_carioca4','@carioca4','@carioca4','@carioca4',4);
insert into entry(entry, name, description, nick, idLanguage) values ('sty_vn_carioca4','@carioca4','@carioca4','@carioca4',4);
insert into entry(entry, name, description, nick, idLanguage) values ('sty_vn_est_deodoro','@est_deodoro','@est_deodoro','@est_deodoro',4);
insert into entry(entry, name, description, nick, idLanguage) values ('sty_vn_est_olimpico','@est_olimpico','@est_olimpico','@est_olimpico',4);
insert into entry(entry, name, description, nick, idLanguage) values ('sty_vn_forte','@forte','@forte','@forte',4);
insert into entry(entry, name, description, nick, idLanguage) values ('sty_vn_futuro','@futuro','@futuro','@futuro',4);
insert into entry(entry, name, description, nick, idLanguage) values ('sty_vn_gloria','@gloria','@gloria','@gloria',4);
insert into entry(entry, name, description, nick, idLanguage) values ('sty_vn_golfe','@golfe','@golfe','@golfe',4);
insert into entry(entry, name, description, nick, idLanguage) values ('sty_vn_hipismo','@hipismo','@hipismo','@hipismo',4);
insert into entry(entry, name, description, nick, idLanguage) values ('sty_vn_hoquei','@hoquei','@hoquei','@hoquei',4);
insert into entry(entry, name, description, nick, idLanguage) values ('sty_vn_juventude','@juventude','@juventude','@juventude',4);
insert into entry(entry, name, description, nick, idLanguage) values ('sty_vn_lagoa','@lagoa','@lagoa','@lagoa',4);
insert into entry(entry, name, description, nick, idLanguage) values ('sty_vn_maracana','@maracana','@maracana','@maracana',4);
insert into entry(entry, name, description, nick, idLanguage) values ('sty_vn_maracanazinho','@maracanazinho','@maracanazinho','@maracanazinho',4);
insert into entry(entry, name, description, nick, idLanguage) values ('sty_vn_marialenk','@marialenk','@marialenk','@marialenk',4);
insert into entry(entry, name, description, nick, idLanguage) values ('sty_vn_mountainbike','@mountainbike','@mountainbike','@mountainbike',4);
insert into entry(entry, name, description, nick, idLanguage) values ('sty_vn_pontal','@pontal','@pontal','@pontal',4);
insert into entry(entry, name, description, nick, idLanguage) values ('sty_vn_riocentro','@riocentro','@riocentro','@riocentro',4);
insert into entry(entry, name, description, nick, idLanguage) values ('sty_vn_sambodromo','@sambodromo','@sambodromo','@sambodromo',4);
insert into entry(entry, name, description, nick, idLanguage) values ('sty_vn_slalom','@slalom','@slalom','@slalom',4);
insert into entry(entry, name, description, nick, idLanguage) values ('sty_vn_tenis','@tenis','@tenis','@tenis',4);
insert into entry(entry, name, description, nick, idLanguage) values ('sty_vn_tiro','@tiro','@tiro','@tiro',4);
insert into entry(entry, name, description, nick, idLanguage) values ('sty_vn_velodromo','@velodromo','@velodromo','@velodromo',4);
insert into entry(entry, name, description, nick, idLanguage) values ('sty_vn_voleipraia','@voleipraia','@voleipraia','@voleipraia',4);


insert into SemanticType(entry, idEntity, idDomain) values ('sty_vn_aq_deodoro',(select idEntity from entity where alias='sty_vn_aq_deodoro'),7);
insert into SemanticType(entry, idEntity, idDomain) values ('sty_vn_aquatico',(select idEntity from entity where alias='sty_vn_aquatico'),7);
insert into SemanticType(entry, idEntity, idDomain) values ('sty_vn_arenaolimpica',(select idEntity from entity where alias='sty_vn_arenaolimpica'),7);
insert into SemanticType(entry, idEntity, idDomain) values ('sty_vn_bmx',(select idEntity from entity where alias='sty_vn_bmx'),7);
insert into SemanticType(entry, idEntity, idDomain) values ('sty_vn_carioca1',(select idEntity from entity where alias='sty_vn_carioca1'),7);
insert into SemanticType(entry, idEntity, idDomain) values ('sty_vn_carioca2',(select idEntity from entity where alias='sty_vn_carioca2'),7);
insert into SemanticType(entry, idEntity, idDomain) values ('sty_vn_carioca3',(select idEntity from entity where alias='sty_vn_carioca3'),7);
insert into SemanticType(entry, idEntity, idDomain) values ('sty_vn_est_deodoro',(select idEntity from entity where alias='sty_vn_est_deodoro'),7);
insert into SemanticType(entry, idEntity, idDomain) values ('sty_vn_est_olimpico',(select idEntity from entity where alias='sty_vn_est_olimpico'),7);
insert into SemanticType(entry, idEntity, idDomain) values ('sty_vn_forte',(select idEntity from entity where alias='sty_vn_forte'),7);
insert into SemanticType(entry, idEntity, idDomain) values ('sty_vn_futuro',(select idEntity from entity where alias='sty_vn_futuro'),7);
insert into SemanticType(entry, idEntity, idDomain) values ('sty_vn_gloria',(select idEntity from entity where alias='sty_vn_gloria'),7);
insert into SemanticType(entry, idEntity, idDomain) values ('sty_vn_golfe',(select idEntity from entity where alias='sty_vn_golfe'),7);
insert into SemanticType(entry, idEntity, idDomain) values ('sty_vn_hipismo',(select idEntity from entity where alias='sty_vn_hipismo'),7);
insert into SemanticType(entry, idEntity, idDomain) values ('sty_vn_hoquei',(select idEntity from entity where alias='sty_vn_hoquei'),7);
insert into SemanticType(entry, idEntity, idDomain) values ('sty_vn_juventude',(select idEntity from entity where alias='sty_vn_juventude'),7);
insert into SemanticType(entry, idEntity, idDomain) values ('sty_vn_lagoa',(select idEntity from entity where alias='sty_vn_lagoa'),7);
insert into SemanticType(entry, idEntity, idDomain) values ('sty_vn_maracana',(select idEntity from entity where alias='sty_vn_maracana'),7);
insert into SemanticType(entry, idEntity, idDomain) values ('sty_vn_maracanazinho',(select idEntity from entity where alias='sty_vn_maracanazinho'),7);
insert into SemanticType(entry, idEntity, idDomain) values ('sty_vn_marialenk',(select idEntity from entity where alias='sty_vn_marialenk'),7);
insert into SemanticType(entry, idEntity, idDomain) values ('sty_vn_mountainbike',(select idEntity from entity where alias='sty_vn_mountainbike'),7);
insert into SemanticType(entry, idEntity, idDomain) values ('sty_vn_pontal',(select idEntity from entity where alias='sty_vn_pontal'),7);
insert into SemanticType(entry, idEntity, idDomain) values ('sty_vn_riocentro',(select idEntity from entity where alias='sty_vn_riocentro'),7);
insert into SemanticType(entry, idEntity, idDomain) values ('sty_vn_sambodromo',(select idEntity from entity where alias='sty_vn_sambodromo'),7);
insert into SemanticType(entry, idEntity, idDomain) values ('sty_vn_slalom',(select idEntity from entity where alias='sty_vn_slalom'),7);
insert into SemanticType(entry, idEntity, idDomain) values ('sty_vn_tenis',(select idEntity from entity where alias='sty_vn_tenis'),7);
insert into SemanticType(entry, idEntity, idDomain) values ('sty_vn_tiro',(select idEntity from entity where alias='sty_vn_tiro'),7);
insert into SemanticType(entry, idEntity, idDomain) values ('sty_vn_velodromo',(select idEntity from entity where alias='sty_vn_velodromo'),7);
insert into SemanticType(entry, idEntity, idDomain) values ('sty_vn_voleipraia',(select idEntity from entity where alias='sty_vn_voleipraia'),7);

